full_name_of_repo,commit_sha,path
86Box/86Box,1860700eabe7b86c2a9acbf961d941e56e883769,README.md
86Box/86Box,19de89f5464362e22a40905be8f6b924f8cd2e36,README.md
86Box/86Box,1ad8d1870b7257b37df41a9cef73e96504fa419e,README.md
86Box/86Box,1c25963a8c4ccac2659080e1992ebed743700281,README.md
86Box/86Box,31a5aad0f25100f1963026808ccad96f5f6fc480,README.md
86Box/86Box,3aa34f3bca35cce5b9767652d1ee2043ebf8f047,README.md
86Box/86Box,40be31626ff5d46d8d5e658e495efa205a0d25b2,README.md
86Box/86Box,5d0304d52023d9f677ff6443e99e1f6723568c6a,README.md
86Box/86Box,5d33bc0dc23be9bfa95567b5121c0a02ff3a7c49,README.md
86Box/86Box,6f4e76871ede3661ed7cf446576f9c4eb36f4520,README.md
86Box/86Box,709771742d4255e066b215d1f9d5a056ff6ea0b1,README.md
86Box/86Box,868beac26e80c53ecf776ddbdc6717e070d36e38,README.md
86Box/86Box,8c60395f9889d5ad5aa5a7011441b2ae37ddd667,README.md
86Box/86Box,9874efcbf5151741fb523602059ed904f6805612,README.md
86Box/86Box,abdea4b2f77980283eef60acb5094ab15fc04d02,README.md
86Box/86Box,ad056b136c1413fdf371114d9524186312cde807,README.md
86Box/86Box,cc4dd568bd48031a9169aa59190bd210979aae97,README.md
86Box/86Box,cf0e4edbb76a57f66a0cf934e95c0d5adeb55ad4,README.md
86Box/86Box,dba4fe373f3870f044362623907aedc15cbbcafe,README.md
86Box/86Box,e0a9e69523fa9aa2ebe4acb20b8ec49c2542c358,CONTRIBUTING.md
86Box/86Box,e70c476a0a42c4c0d62f5c0611dde68c3f6eec9d,README.md
86Box/86Box,ee695e71f9b4efa822bc5e5b4f75a5c133bdfd8e,README.md
FortAwesome/Font-Awesome,161db081bfa11d61e3efb5205cdd7422c92d9572,README.md
FortAwesome/Font-Awesome,86eb08c194ce8831fe164792779dd426891a81e0,README.md
FortAwesome/Font-Awesome,8ff114b69d68bf6d395bdd1255458bb15e352a76,CONTRIBUTING.md
FortAwesome/Font-Awesome,8ff114b69d68bf6d395bdd1255458bb15e352a76,README.md
FortAwesome/Font-Awesome,b544f79e07de12e2322318d2efbf68a3ac6f9036,CONTRIBUTING.md
FortAwesome/Font-Awesome,c482aa2ec6584834409895eb24b6e9813f943630,README.md
Hammerspoon/hammerspoon,019151a00e9127b7f1459f43accab7b18529a564,CONTRIBUTING.md
Hammerspoon/hammerspoon,0c7107fb8e206ca54cbc400c50a3005c3ce8748e,README.md
Hammerspoon/hammerspoon,116e8f14cb0e2c623cbd916b749278ea86c53373,README.md
Hammerspoon/hammerspoon,2984753279ef86d86a0a45ef06f821e4d1c4d40c,CONTRIBUTING.md
Hammerspoon/hammerspoon,edb5d99a7093a42ef2ad95c79747d8f4ba6f6882,README.md
Olivine-Labs/busted,2fbe39cf412ef72591e96027aa7ed6d9a724bc6f,README.md
Olivine-Labs/busted,3f08199bc9b3294eacdbbc9091ffe257b0120365,CONTRIBUTING.md
Olivine-Labs/busted,3f08199bc9b3294eacdbbc9091ffe257b0120365,README.md
Olivine-Labs/busted,4b55da737cdf87cd6806afb37624405f2b1d0ce8,README.md
Olivine-Labs/busted,7a3aa2269e88f13b264bac66b747ce456f5779a8,CONTRIBUTING.md
OpenQBMM/OpenQBMM,7313812e863e036d764ab47a595151face40ee13,README.md
OpenQBMM/OpenQBMM,e9b8a7c4d0de0d50c08635163634e868e62b4f14,README.md
OpenQBMM/OpenQBMM,ea36f7d79d3d50a64dceb29d8108a4118838acb6,README.md
PaoloRotolo/AppIntro,0a7de0716786e466ccd4ef0795e027d2a1a86470,README.md
PaoloRotolo/AppIntro,3bdce25e593f546e6726e1c80e87e37eb0a02f13,README.md
PaoloRotolo/AppIntro,716e487438fa2402b2f0296c1cdf035ea98e6e80,README.md
PaoloRotolo/AppIntro,7d329e7ecb2e52317b5194bf213000af6198deb6,README.md
PaoloRotolo/AppIntro,a7ce334ba3143a7753ea842f660253de84770974,README.md
PaoloRotolo/AppIntro,c6d09620391279452e65864132e2a035ad6b2f29,README.md
PaoloRotolo/AppIntro,eee429da56f53bc5429a8069864ae89f4d334a23,README.md
PaoloRotolo/AppIntro,f2d210e5c80718ebaed6356b0efaf704d917085f,README.md
Shopify/turbograft,7f812362c8e4c7dc3f373e69dbb4bdb48a037c05,README.md
Shopify/turbograft,bbbd59f2b13a75c9ad81e820194460bacf5910fb,README.md
amitshekhariitbhu/Android-Debug-Database,67d18bb0e33998b40295fbd24f5585e7c3a02bd2,README.md
amitshekhariitbhu/Android-Debug-Database,74861b0a03978e18a6331b1e1732cdfbf3ddc0f7,README.md
amitshekhariitbhu/Android-Debug-Database,829ddd046fd57b80df20b43b0b4b17e4d8160bf1,README.md
atomantic/dotfiles,0762bbf5f7d60adab3f87b21824326d28e0953d7,README.md
atomantic/dotfiles,1050d5e29946d4925a458d94242cc7bbf5f190c6,README.md
atomantic/dotfiles,140d22fc1a09d60e1cd7d72a062d4e0961ad921b,README.md
atomantic/dotfiles,6939effa7e3ff377edae17bf75e34af55f27ccd3,README.md
atomantic/dotfiles,6c5b6dd92bb837a6ac449cc6929a0613d153a8e5,README.md
atomantic/dotfiles,7951578fe6ade6763649cbbc27dc22dab465fd59,README.md
atomantic/dotfiles,82fc546267b6b37bfbaa2c6605f8ccd3e1b37b9f,README.md
atomantic/dotfiles,a15f6c95021f3718a2989814b02adce146366f28,README.md
atomantic/dotfiles,b669cab588d26eff487730a3a4796580eae1454a,README.md
atomantic/dotfiles,be2070efe70c12bbadcb6ca3ae17cbedf158a3bd,README.md
atomantic/dotfiles,c2b59278c1ccd4687cd5e15e8382c50375b2282a,README.md
atomantic/dotfiles,ca5b63a5355c755c2675998ca6d60eaebeb56c65,README.md
atomantic/dotfiles,d66b292da37db940ef0a17cabafbff6934216c14,README.md
atomantic/dotfiles,dea0d7b1068d2372ac921a287a98d20a4311dfef,README.md
atomantic/dotfiles,e27f75e255e3c3641872284fe289bcea29221d21,README.md
atomantic/dotfiles,eae96e9ad4d0a85279e737b92cd80d97d7123a21,README.md
billz/raspap-webgui,026a385adde4a9a1a2653037d9196dbe3f3ce3d3,README.md
billz/raspap-webgui,06a3b9386f857a729d2a58d5595066b216303387,README.md
billz/raspap-webgui,079191b660418eac364c012debe7e39867e664c5,README.md
billz/raspap-webgui,0a32215b39a6bfe6945c1ebde8ddc62e326edde7,CONTRIBUTING.md
billz/raspap-webgui,0c58a6c92c2cd841008841645590fadfc5ce55cf,README.md
billz/raspap-webgui,0fbccabaf57ecaba8c13a49dc1715c630119dafa,CONTRIBUTING.md
billz/raspap-webgui,16309a1fbc2b06d0bcf8c2adb5a7fa6575583e35,README.md
billz/raspap-webgui,168ed2448f4335eb3bdf7b5ef572b209733302de,README.md
billz/raspap-webgui,16afef3e13f7637066c72abf2d4b892e91d6093d,README.md
billz/raspap-webgui,1ca57260e1bb89eda54773786fc58384809e6cf6,README.md
billz/raspap-webgui,1ce4c207a65f101b0f1fa894cdb0e255f291346d,README.md
billz/raspap-webgui,1e6b604e7fb1346b0c3fed3deae2767956a6ddf4,README.md
billz/raspap-webgui,20bc1830b4898a23768168413a9c48e9824469bd,README.md
billz/raspap-webgui,2270fe49530e4ac4ee942b3b18fb19734fed3e6e,README.md
billz/raspap-webgui,246fd32058c74425d6581ffeffbe6add34aa8c33,README.md
billz/raspap-webgui,24fd53f8de8c14e2de26cca54fe4ac7c662a15ee,README.md
billz/raspap-webgui,2a1e39a8807954ebaf9695cba9dceaa7a24900e8,README.md
billz/raspap-webgui,2c34fef61fd3adea38d76f7d12d9cc55de8f1407,README.md
billz/raspap-webgui,2c896bbc128be55cac623aef2f1575c4f6e6b5e3,README.md
billz/raspap-webgui,320379e449729c6e4f3805f70bbe529bfc103962,README.md
billz/raspap-webgui,3218d87b1be0795a853a65781ba80df7cf7e2ab3,README.md
billz/raspap-webgui,321c98de2427c3bb0b8047592507d2ff1dce8870,README.md
billz/raspap-webgui,3417115a84ac7c435613c9b34a15ea0c32d9bff9,README.md
billz/raspap-webgui,34dd95f34120b86c04da02a3997bca0ed12653ed,README.md
billz/raspap-webgui,362a08c00f75af6618cc8600e03803b54373e58f,README.md
billz/raspap-webgui,3bf3e0baa3e3e4323d07eb9caf6ccec43c0e5eac,README.md
billz/raspap-webgui,3cb578ab3020b91b48c8584cc36cd7847dd221af,README.md
billz/raspap-webgui,3dca072b4cedc874e1e5c9e7ab5dac0301731d18,README.md
billz/raspap-webgui,40a526f2173b28796e1b5d3829e1823ab8199b14,README.md
billz/raspap-webgui,41bca8e581fc3af52d9de1811f7214bb520b5b3d,README.md
billz/raspap-webgui,41fcbba5cc84ee0fe417a1e896215e9f5f443f05,README.md
billz/raspap-webgui,4a89cb3b0704093204ecf3a28894fc1db1b4806e,README.md
billz/raspap-webgui,4d1b746932afa694d26c713bc9edc0354b5f89a3,README.md
billz/raspap-webgui,4d208d0bf9cac757be77155991eaf9ce4dbe94a1,README.md
billz/raspap-webgui,4d8cf545af9412e7e790b577427f4fd5de754373,README.md
billz/raspap-webgui,4f6a28a81ff7c1becd66e947d0972ce668dbad9a,README.md
billz/raspap-webgui,51da8020eed302d65134ae2dbe0d8d6c3ee49517,README.md
billz/raspap-webgui,56b9ff5a3b2d64566d44735702ec5467841e9fe0,README.md
billz/raspap-webgui,57199def06df6bac47f200f993697f6bb29a4b7e,README.md
billz/raspap-webgui,58229148900ba91c6e0932d4977e39eea3b6802e,README.md
billz/raspap-webgui,592bce02bfee1169ca92e5e93ebded66bac42c6e,README.md
billz/raspap-webgui,5a3e464c23f9def0967988903cc1bce03a8843cd,README.md
billz/raspap-webgui,5b27f528c902e7f17fbc199468dd43049ec19bf9,README.md
billz/raspap-webgui,6294a620c0cba0a367cb0c87ddfd25f0a33ff7aa,README.md
billz/raspap-webgui,639592a706d8b6687a07f8a446cc4a217852b633,README.md
billz/raspap-webgui,645c336c97d9b49f67b995fab84a3dba6769cdf5,README.md
billz/raspap-webgui,655b126a59a0bbc3406919df02240160012efc79,README.md
billz/raspap-webgui,6772709141e1e884ba6ba82b5ed6a42a3f9d8030,README.md
billz/raspap-webgui,67caedc9924fd2444a63b7c6db661e54fa995bfc,CONTRIBUTING.md
billz/raspap-webgui,69387f196ce921cf3ad5ee3605fa1a7e97de0d69,README.md
billz/raspap-webgui,6a295d46b898fb2f7c24f102392040b1640a341c,README.md
billz/raspap-webgui,6a9a2711e01294a3aa2411cfa484f08f51ad1e1b,README.md
billz/raspap-webgui,77eb23b0e874e442b6930c608a14f59d1a2b3a7c,CONTRIBUTING.md
billz/raspap-webgui,7831afa29a265ae0b9cc4d66601ad3ae8e37b166,README.md
billz/raspap-webgui,7e85af65976f91f47c5e06a60954641a4302356d,README.md
billz/raspap-webgui,801ca5a788a087020e3de2327b0435cd2e853ce4,README.md
billz/raspap-webgui,80a5d97eee857af0bf04443c9e27109d6c767fca,README.md
billz/raspap-webgui,810114613b2a82638624d70d554353e9942b4c65,README.md
billz/raspap-webgui,81875fae109d7d359338774b65775bf59bdb83a2,README.md
billz/raspap-webgui,820621d30194d10659812a537ef4eaef9bc5d450,README.md
billz/raspap-webgui,8bd98ed5186862e1e59b4c4c9b9cca1c2a5688f0,README.md
billz/raspap-webgui,8dc0308a1db21c220de392fe0eac3e6053236a75,README.md
billz/raspap-webgui,90d63a679d1c92b3d71d816c1ace82092c849476,README.md
billz/raspap-webgui,91c535ddbb9bea1b5b7c28eca0d24152de6b7f22,README.md
billz/raspap-webgui,94174a39205b1cfdce383afa6d588a1d5db1039d,README.md
billz/raspap-webgui,a0d8f22742b4ff2cb98d8ea0e7476f4cfcf98372,README.md
billz/raspap-webgui,a1b610b92ded4b268f683a4c504adca0719d803e,README.md
billz/raspap-webgui,a4b26da5ec2fef1978e7c8cf297dc942620a124d,README.md
billz/raspap-webgui,a6959d4eca98d35be6ecea2c6f7f299bbefc29f1,README.md
billz/raspap-webgui,a86c637f049963003a74a2da431743b72b97e3cc,README.md
billz/raspap-webgui,a8e24b76299de7ba01075153a0194fe9f0c1cc76,README.md
billz/raspap-webgui,af74dc35f3a064b5ba56168f2905d538ac0370fd,README.md
billz/raspap-webgui,b1d776aa64f3d11f064db615ede0450f4d0b08c4,README.md
billz/raspap-webgui,b31b1a77732ff38a307dbb8a724d0574060547b4,CONTRIBUTING.md
billz/raspap-webgui,b76efe1ab7ba3ce16cad9f354dd57dd22c113324,README.md
billz/raspap-webgui,be260d4b393d29a43b60972345a42b16216c1cb3,README.md
billz/raspap-webgui,becaa209f2acbb804844730b16946de82cdd27f6,README.md
billz/raspap-webgui,c3175459ab2fc4ac6fd3d9bc708daadbf77cf875,README.md
billz/raspap-webgui,c50d01d9724d8163f18da0d7974336e5c25928ba,README.md
billz/raspap-webgui,c594b8f4a9b5ad0b2fb2fb5dd163606ef0ee9a43,README.md
billz/raspap-webgui,c5eb4bc068c3379acadb0830703777dbf4bd9dc8,README.md
billz/raspap-webgui,c971c5c9bcd8c41814fe95202393b2a63f37f766,README.md
billz/raspap-webgui,cbc6221420c6e4fa52e505e8d6e3014096b9cd8b,README.md
billz/raspap-webgui,cc85c556a15182984c782a1d84a4b4ad5b8f2d9b,README.md
billz/raspap-webgui,ce9916a792ad18e60f4f726e50f15420772e0d12,README.md
billz/raspap-webgui,cf78f5dc94abcb394076de7b18b125c1b07ca13e,README.md
billz/raspap-webgui,d296c67373841b27896f1242bf392bdb309975e5,README.md
billz/raspap-webgui,d4da4032b20e88c5ebe69cd9be211fdbb9b4c05a,README.md
billz/raspap-webgui,d730c174d427316ded5ffdd70abc07d769113283,README.md
billz/raspap-webgui,d9f1a4dcfe61435c32be4dc404bac0bccc906b91,README.md
billz/raspap-webgui,dc86f15b590fb42132429488524eede01ca9886a,README.md
billz/raspap-webgui,e046a11f5685d7c7f81e47f5abe50e2fad922d9f,README.md
billz/raspap-webgui,e126f3f664d5e2db55a0797bb9962d5c60b630fb,CONTRIBUTING.md
billz/raspap-webgui,e6d4f761bd098bf10696ea16f9af15de3cbb18a8,README.md
billz/raspap-webgui,eb25142e034f018675971e9dd2733cdfd7b462df,README.md
billz/raspap-webgui,eb8d81e590aa8d00930709a0712370b1e12f06ce,README.md
billz/raspap-webgui,eed05c7d6b1b11975a03c732b20a6e4c81298b98,README.md
billz/raspap-webgui,ef1dc5dae05621b50dfa08db19d0d30bae1ad18c,README.md
billz/raspap-webgui,f0f8c4275fd71e4441c618fb420993db8cc5a4ba,README.md
billz/raspap-webgui,f29f0f2b53a1ee71a1fdfb956b74836cdaf0c6b6,README.md
billz/raspap-webgui,f4b9eeb31340fa0e1439e20277996c7841cee88e,README.md
billz/raspap-webgui,f576b028588608056fa24cf6b1dcd89503a354ee,README.md
billz/raspap-webgui,f7ac3d0b9df022633b6d67df88608d4395c6cea2,README.md
billz/raspap-webgui,f7e4b95ee278d7e345a6d87803db9c2ab0ba61e6,README.md
billz/raspap-webgui,f9b1eab5561dfa8fc71ab592cc26a36a49bf1a79,README.md
billz/raspap-webgui,fbf3129ef4b0edf10292b23fb7fff294718bc579,README.md
billz/raspap-webgui,fc75567b0df975833275a35690582b36088679ba,README.md
billz/raspap-webgui,fce63f1c3552f8386e19ed32c9e276dceef5d59e,README.md
billz/raspap-webgui,fd201207b443eef9326c4d40f6878da674d4b6a1,README.md
chocoteam/choco-solver,19904890e1cd7a2966374a26e08f2e6c0dd008ff,README.md
chocoteam/choco-solver,2cd1544e3938a6707a777f10eab58436d2306add,README.md
chocoteam/choco-solver,51c99d952e7d01e506ece3b354a2633a67821975,README.md
chocoteam/choco-solver,61ff406c817b05d3176e08fd98daf461b44b75d6,README.md
chocoteam/choco-solver,9ebd4a2774c1a84945b4a5f9129dbf9e2435f925,README.md
chocoteam/choco-solver,a1b90fe2dc1a6e702f46a5bcc0d40939eb75adf6,README.md
chocoteam/choco-solver,a84a5ed078f391a4ffcef1dd4aeff06b1b69e52b,README.md
chocoteam/choco-solver,cec9dbcac5ddd83cd41aa87c36fe2211177bd54c,README.md
chocoteam/choco-solver,da8023461ccc0fe33f045f409580ab43501940e6,README.md
chocoteam/choco-solver,f6f9116848d7847d1b37ed0283fb81d823ab242a,README.md
clojure-expectations/expectations,4bd93577691420ba936372d90be8b201ef89f8a6,README.md
denoland/deno,0598b62c4f4abe3ddd604f8fed0bde913e7d6660,README.md
denoland/deno,24debe9546cb9f7e365f05de548c7d6ea267af22,README.md
denoland/deno,26aafd3a15bf186977b3ac80356b380d422d86e2,README.md
denoland/deno,27a813daaa2da76a94ad90b50377edf7b2cb67cf,README.md
denoland/deno,537e0320f0424aee620e5fcd3d61e0166c810805,README.md
denoland/deno,65a4b44b7568cfe1f436a9a7e37dc70cf731e1e2,README.md
denoland/deno,6d4a005e4108a5dd762b339a02bc4d802755ba0d,README.md
denoland/deno,90141d06ef7f751dfc6ef3b27a3a72c1417a242e,README.md
denoland/deno,ab3d02a08174042c6337d130b02a6fa0f85673d2,README.md
denoland/deno,b88008766870945d2b1fc669b19c292b0e46fc3d,README.md
denoland/deno,c5ddb5f205dcd6b273b0b451f01f79b68621b2e4,README.md
denoland/deno,c6f1107e9c8835389479f4f2d80d3539d23df41e,README.md
denoland/deno,d6d7954429009a8674422f31811f02b5eb45f8a3,README.md
denoland/deno,e311e46a8f80491bc0ab4bc5dfce55d78bdb7187,README.md
denoland/deno,e4a16e91fa3e3753547919332a61dba221403725,README.md
denoland/deno,e995ba66cd7400e0c87af6e530e74a6aa7c7c934,README.md
flowcommerce/lib-play,173ff2910e8983410dc7569b4c5900e26d03ce71,README.md
googlesamples/android-sunflower,2a357a31551bb53f3fe80382a9ce6d30bcc8b960,README.md
googlesamples/android-sunflower,59bdae978326091b6725c34bec1de1aed0877418,README.md
googlesamples/android-sunflower,705e9620138ce7bd4b16be2aae5a41bebd993860,README.md
googlesamples/android-sunflower,73b03a82553d30a7e92d4cc011b7801c996540cd,README.md
googlesamples/android-sunflower,8d000f6c72bc5384b4ca9f7452d620085919519d,README.md
googlesamples/android-sunflower,b6f3777b40a5e16e46e7ad8152cebb9e26946e78,README.md
googlesamples/android-sunflower,cc0a04ffea12ed95f4bc79b5542e1110c7266996,README.md
heroku/heroku-buildpack-nodejs,701cc0ab5b676fcc827f3b29c8ccafa00ef3b216,README.md
heroku/heroku-buildpack-nodejs,72c37f722b31e602f3f1faba46b76017c259d379,README.md
heroku/heroku-buildpack-nodejs,f5094ae89342e6542532d1ecbdb218bea2a6a087,README.md
ho-tex/oberdiek,2124a4bdead621e9e944d5f7b770126f1a9e7588,README.md
ho-tex/oberdiek,2201df26cb578ccaf81ff3e1b947e3573672ec4d,README.md
ho-tex/oberdiek,2ce014872d20f55ad1ef3b1cf0c90661f0977208,README.md
ho-tex/oberdiek,31735ec1c3025805659563c80495cf5230af1679,README.md
ho-tex/oberdiek,8271278dab8c974ee2920707cc8a80850a35faaf,README.md
ho-tex/oberdiek,c8e44768c3b60137477c6096102efa8e9cac6091,README.md
laravelio/laravel.io,01e55d41fd6659dadcf5bd79bec5fc2944f8eb8a,README.md
laravelio/laravel.io,049b35e9430fc77f594df8a649634cae701df02d,README.md
laravelio/laravel.io,05503f42b255a614a3b52b07eb52f52d5ef2440e,README.md
laravelio/laravel.io,0b0862da8d79657d2357c8e193673279d976d219,README.md
laravelio/laravel.io,0d2669328cb543db91271f82cc6a1f3c313a5661,README.md
laravelio/laravel.io,10186685945d1840064a0bf3599cdebbed555aa6,README.md
laravelio/laravel.io,136eae889d29e5e3cfea2660739ecb7e4690a84d,README.md
laravelio/laravel.io,17eadd7fc6d6246908ab60236539407eca278298,README.md
laravelio/laravel.io,336178ed0bb8fe9bbaf1f66546e8f760f00e740d,README.md
laravelio/laravel.io,37adb91faec844aeadf834e163c786ee89d870f0,README.md
laravelio/laravel.io,39873f07e790abb8fb00f5286fd880844c92441b,CONTRIBUTING.md
laravelio/laravel.io,39873f07e790abb8fb00f5286fd880844c92441b,README.md
laravelio/laravel.io,3b3990db5858f124678276917a754a62b4737976,README.md
laravelio/laravel.io,3ec0398e308d06e8561f4f5c5f96bf44e6703013,README.md
laravelio/laravel.io,44362ef566934468ee036f61111fd0e1572bc24d,README.md
laravelio/laravel.io,58168115834168fa0d003224f860e246b691fbb1,README.md
laravelio/laravel.io,62b77822b21cfddf449d41319f42e97761a1f5b4,README.md
laravelio/laravel.io,64d10999bc59fbf57de773c966ac88d3826c0d92,README.md
laravelio/laravel.io,6a7343a18adf6cc9c48f94be610a37d570db5d61,README.md
laravelio/laravel.io,7b531a3b11a2733c0f254d2efd3a01d926ac3e9b,README.md
laravelio/laravel.io,825fc7d9310fd5efaff107e78d93845355850b21,README.md
laravelio/laravel.io,8ca508d5570b70d64f22dc83095d97858679d397,README.md
laravelio/laravel.io,991d46a7daf6aa5d5f884793391388869cc993f9,README.md
laravelio/laravel.io,9ddc81ec50fdbf7d3ec44e8da40abdc424d06eab,README.md
laravelio/laravel.io,a198583278bf9dd1e1103b064d5f09945532949f,README.md
laravelio/laravel.io,a34877a0471319bfb70ff8491e2ee6f74b0a8bfa,README.md
laravelio/laravel.io,a69e8e2c22f434c3980a4e077ad91c726fc865c6,README.md
laravelio/laravel.io,a8c177039c84978c40c5b0309798adba38da3532,README.md
laravelio/laravel.io,aeff4ea49583507a8875552a0b5460b6cce9cc57,README.md
laravelio/laravel.io,b0ba721a6159508c2a9a02fdc17e8ca204383ffe,README.md
laravelio/laravel.io,b382bc7a7ccb2c334b882db2a8c95bdbdba54a3b,README.md
laravelio/laravel.io,b86ed7378012ff6c41cd005a5e1425b30638e78e,README.md
laravelio/laravel.io,b9fbad5144190c349feed7636e84908343602a04,README.md
laravelio/laravel.io,bc4a5a6b8c80f34c478d8c6cf598c9bb8519ef35,README.md
laravelio/laravel.io,bddd118bdbe3a52a79d632e6c0c286536a97a0f4,README.md
laravelio/laravel.io,c1c69123d07ca64828175029d768ed09578adb19,README.md
laravelio/laravel.io,ccae7dbddf6fce1f6a5ec1ff510c5b29129911c8,README.md
laravelio/laravel.io,cd89b932eca5b7763bb557ab20f5c16a2ae57647,README.md
laravelio/laravel.io,d1e5759980a1710144dd30bea2e22539b8bd128d,README.md
laravelio/laravel.io,d523b64e153fb3cb08760c6b4cd16ff006f45e0b,README.md
laravelio/laravel.io,e113812aa6e86a05f39dbd5f080c4a5e2011c2b1,README.md
laravelio/laravel.io,f02967a51a1f3115af24e94b875559f87403f800,README.md
laravelio/laravel.io,f3729ba1fa83f923068b8d9f6d3183670f61e70f,README.md
laravelio/laravel.io,f4970adb80aa953dbde145dfecad5104b3691401,README.md
laravelio/laravel.io,f6dc582cd4e052da4d3ad534999a6cba18b79d38,README.md
laravelio/laravel.io,f701810626915c2f1e9563ef8326d0852d41d6d4,README.md
laravelio/laravel.io,f789d0db7a7da3292c7e6cab2be0cceebaaf3964,README.md
laravelio/laravel.io,fabebe42475358186937d42d33e08163d6112a24,README.md
laravelio/laravel.io,fd8cce9fd2ecb54ec59b9c3ff301f03dcc1f801a,README.md
laravelio/laravel.io,ffbe987ba5a9f9ca7202b77e9e933a9c22ed9890,README.md
metaskills/minitest-spec-rails,ac6146da0dd92b59b9d682948fe186ca15cc830b,README.md
metaskills/minitest-spec-rails,c7e84c7d96e27cf48e1ca6d9ecaa9210d78c1a90,README.md
metaskills/minitest-spec-rails,ead4316cb4c4bcc6be196dedefb6112efbe24cc4,README.md
nuxt-community/nuxt-i18n,039f282059d497e2cb0cc6cae51216b26d62af52,README.md
nuxt-community/nuxt-i18n,08b17b8dcbdae56748a609127465cec54958ce51,CONTRIBUTING.md
nuxt-community/nuxt-i18n,1556346c2d1d098e4e52181c5868138cdfd56cbe,README.md
nuxt-community/nuxt-i18n,268a648e7c713104e67222c70c50492b5c759b83,README.md
nuxt-community/nuxt-i18n,3285793e06e7663d79994207707613f5a7a3aa27,README.md
nuxt-community/nuxt-i18n,333a2bbe4d16e41e0dc528ffe5f0aa9373c209c5,README.md
nuxt-community/nuxt-i18n,4aeeeec78408ad23c8c5fd2426f9904a0b7222f5,README.md
nuxt-community/nuxt-i18n,5c40ec1c61470433575e1808f16c7a8bda38adb1,README.md
nuxt-community/nuxt-i18n,695054aca3b3a2a93c0b65d5d2fe210393e7e127,README.md
nuxt-community/nuxt-i18n,7930a2773311bef05bd98a3a98540ce17b6a7d6b,CONTRIBUTING.md
nuxt-community/nuxt-i18n,7a330ac89c4635d971dc003c1059e6b7aac0d3b3,README.md
nuxt-community/nuxt-i18n,8517576a1a90e7555d5e10f90532188a337548b4,README.md
nuxt-community/nuxt-i18n,989d775ba39807bd0038ef15bd5369a574f9dba5,README.md
nuxt-community/nuxt-i18n,af7366ff39bc7522562312b6d6283801a7d74f84,CONTRIBUTING.md
nuxt-community/nuxt-i18n,b51d9439984a5ed5c3c35bc03a382f7c32cac953,README.md
nuxt-community/nuxt-i18n,b655a1c2595324924d170e4ee551dd10a763c23b,README.md
nuxt-community/nuxt-i18n,bf63a098c4d80f7ea18fd1e48e9ea30d8ce97200,README.md
nuxt-community/nuxt-i18n,c54b97e88d46e3f76958093ca31ea9cd71335c83,README.md
nuxt-community/nuxt-i18n,c5a55a32dcf9fc212030e2bd6a0e80246a373551,README.md
nuxt-community/nuxt-i18n,d20c6541e55b8ee340d494795f0c7d0b9f08faa5,CONTRIBUTING.md
nuxt-community/nuxt-i18n,d20c6541e55b8ee340d494795f0c7d0b9f08faa5,README.md
nuxt-community/nuxt-i18n,d6405256f70435f0a13816eb7203d10a6150d5c2,README.md
nuxt-community/nuxt-i18n,e9774301c1e9a856674308f0d92d8bcb1dd45941,README.md
nuxt-community/nuxt-i18n,f513ee7bebb33964a9d6e15609c997848bc76825,README.md
rafi/vim-config,000be8dcb215c1f2b6175e2a33d6a7a0df87b89d,README.md
rafi/vim-config,00329dd6fc6a764e4c2b98488d2a56b5a339a26a,README.md
rafi/vim-config,007266a9fda655903b73279c3fe10d398da52bf5,README.md
rafi/vim-config,0460d553f5725b892083bb4bad159d1a96770ea3,README.md
rafi/vim-config,063527397edfc0299bf9216d7e9dad130a967cff,README.md
rafi/vim-config,07e7fa10abb3923b1b9199ada0095fe89f6d0b7e,README.md
rafi/vim-config,0e743fe0f5d97b512829f2202fb6fabdb63a7d20,README.md
rafi/vim-config,104b05c6e32bdb04e0b4c1457a1b09b6b67bc525,README.md
rafi/vim-config,137271a0a251aa800e462ddfbb96873935fbb39c,README.md
rafi/vim-config,13b948d72d77df8de0291b0c9d33684cc1cc2e97,README.md
rafi/vim-config,1484aee59ed544a70e6d46186fcf17c66f691e72,README.md
rafi/vim-config,16ee424004a73907b07c8bc74cd9f59ce6699464,README.md
rafi/vim-config,17c3410d7bb3f446963f0135f7e6752254ce7b93,README.md
rafi/vim-config,1b9d3847ce4adf7e85832cace167ec94ca9dd189,README.md
rafi/vim-config,1bea5f37b59811413066ce894160b8c0e5ef97b8,README.md
rafi/vim-config,1c04b3888dcb4cb39649cd4003c01d6def100b41,README.md
rafi/vim-config,1d1fb346727c5f146b2bc13d7deb5cdbf35e92f7,README.md
rafi/vim-config,2051063a33da592c2949a742bc5b7a57137fd656,README.md
rafi/vim-config,253ff124521d5b9f4ed57897835749178fd8132b,README.md
rafi/vim-config,25ab45b4135218568fea429ca7953f3c744fa499,README.md
rafi/vim-config,25ebae67f528a873ab5ad4fb245850451bec4b9f,README.md
rafi/vim-config,2e082afd6f3817acadc204e36fb13ab6268c0625,README.md
rafi/vim-config,3149b76b5029e88dc84801929e0b28e42a5fb5ae,README.md
rafi/vim-config,3689ae1ba113e2b8c6d12f17281fd14d91e58027,README.md
rafi/vim-config,36f309262103da3bb66445ddda9e89a7d1c7252f,README.md
rafi/vim-config,3891b5e7a53bdc80f06b5d73226eb75cf763cae6,README.md
rafi/vim-config,3eeba1e1b124a1c4a712bb871f4b38ef95ed8322,README.md
rafi/vim-config,3f9caf893576161efd5df697f29d4ef9b62f216b,README.md
rafi/vim-config,4312b904047da5af15af4b7b93548fb24d1fb4c7,README.md
rafi/vim-config,462f3a2b03cb861d31ff630b717f17ee805b91bc,README.md
rafi/vim-config,48af154d1c1908e371c0a2b16043446569e74312,README.md
rafi/vim-config,4971431db187fb0f255818634b739cbb3b293416,README.md
rafi/vim-config,4d212a33d2b608d7bd6e506e93b778c09e3effb0,README.md
rafi/vim-config,4e5404c35fd814d6cd033dfa8fab4cf735237c28,README.md
rafi/vim-config,4eaac2893f1b72cbce010ab12743c686e8b2408a,README.md
rafi/vim-config,520b2d26b3f84e7833edd5a536dd7541483c2324,README.md
rafi/vim-config,551f7d88ed93d5fd71d77c873acbd245bdcf8a93,README.md
rafi/vim-config,5a02aedc1a08cfd66048c15311a306a4b8eb8491,README.md
rafi/vim-config,5b0c97c452e6a343b968f960b44a682ec3f0d6b9,README.md
rafi/vim-config,5f4bc7f57f1b6f5baf99ea26f1c39fbe57026786,README.md
rafi/vim-config,5f63a021154c72cd4119f87951268c00922045c1,README.md
rafi/vim-config,5f87e1e8999b5218181efff5fcade06a052b728e,README.md
rafi/vim-config,60a52d6c216645f283b4741063c9bc96a58cd683,README.md
rafi/vim-config,6312511333b12c313093402986207f7ad8b34190,README.md
rafi/vim-config,65706e65d24b6ae8647fa7ed8dc8cb903cf04484,README.md
rafi/vim-config,66e6faae808f52a41f80f8493ed0122a6e5145ae,README.md
rafi/vim-config,66e85d4f6edbfdeada155b234f6c1af0b6836006,README.md
rafi/vim-config,73542feba065f0a2797c4df229fa6fde81e048b4,README.md
rafi/vim-config,745a37b9f2d859ace5eeac6d997e41b4185fae1b,README.md
rafi/vim-config,76a4bf4277d70ab995e584a3465be5ede5858a8a,README.md
rafi/vim-config,7d145d1e2960991f3a2109e1718cfee0b55a9010,README.md
rafi/vim-config,7f1f42812b64385ec1ccff097f92d6346e48bbaf,README.md
rafi/vim-config,7fb3c88ee2d3aa055b5c12d734d2a18fda8e2d63,README.md
rafi/vim-config,8408fb3b94ac23ec81d70ffccf09459f31173649,README.md
rafi/vim-config,88dace4fb37d29621dd69e94fdad1387d7053339,README.md
rafi/vim-config,8c2e10274352873ada97bf322bb3049e282457bb,README.md
rafi/vim-config,906cedd5829ee967a991ed40d6bc885e7a7a69d3,README.md
rafi/vim-config,9226f6ecd0a8068cf0c56aa4a3a53dffe67f2251,README.md
rafi/vim-config,977afe43dd3207c479f56f5031a605377d9b5947,README.md
rafi/vim-config,979ab23059c8a7561631db8b841f4e4bc99f1095,README.md
rafi/vim-config,9a1abc3251807cb7a98a82e9111df9c7be6e582e,README.md
rafi/vim-config,9ac8df8accd33fb44973408da3a3e874bca45a64,README.md
rafi/vim-config,9c0e128d9d242fa337f530e72d47c619ed2662bd,README.md
rafi/vim-config,9f0fce58540862c877c391c9794203d12e22f193,README.md
rafi/vim-config,a1bcb56152a395c880f69aea3ea2dc2f44e77fd0,README.md
rafi/vim-config,a7685f8d248555ec4a71f0e755ff71201f975804,README.md
rafi/vim-config,a7ebe7d7476aef9b773b1de3feedb6c2cef23302,README.md
rafi/vim-config,a8ad2959fc982a46849177e09313f21bcd16dfe8,README.md
rafi/vim-config,a9050572dd4f3a36dc800651077928e4d0971cb4,README.md
rafi/vim-config,aa74fdee2270376dfcce338649e74993c3f714d5,README.md
rafi/vim-config,b8b74085a55ef57b964c22615d7b30841adcc4d9,README.md
rafi/vim-config,bc6cf4379e519eb4d8ff407cd08ce7b3ac10c4c3,README.md
rafi/vim-config,be015b04f9d464b9acfaa1fdf92c2e622b1d720d,README.md
rafi/vim-config,c2445e0690811bf0c255f1cd51200bcd232747d7,README.md
rafi/vim-config,c443b12a105787dedc5d5df53cf35ce2910c8c8c,README.md
rafi/vim-config,c602c9b483a4f5fd20edf0c45567064e80e95b11,README.md
rafi/vim-config,c6c297f5f67b14b702d84703bfbaa5370fb2eae0,README.md
rafi/vim-config,c7e899f13464308fddb1661d7d068659e606a030,README.md
rafi/vim-config,c822625a3d314c6007152751d2eb25846e5958f6,README.md
rafi/vim-config,ca174515da066a7b29bc6b5ed0d1ed251a4b5134,README.md
rafi/vim-config,cc66557abe6f2fff2804d9fefa3b0a6067be452e,README.md
rafi/vim-config,cc8c1c36c8ff86243a989f63905a4ac91afb4fb1,README.md
rafi/vim-config,d0e3d7bd100dfae2eaf54ebc7df2794292960cc1,README.md
rafi/vim-config,d28045f4526d27c9cfe5f07a860fdc708be063fc,README.md
rafi/vim-config,d621c167b424d848460d397be61ceac686c70e58,README.md
rafi/vim-config,d7dbb4e8a2967f945c6acc28fa3d00ee921147f6,README.md
rafi/vim-config,d9a06da7d7ade38b587d4301e4fd4afaf2a4e7c1,README.md
rafi/vim-config,daec7d95cd4b5b6d9cfc868d80da5e66bb10f19c,README.md
rafi/vim-config,dc52397c918a448e531de173b2ee2a3d60308083,README.md
rafi/vim-config,dc5c50512733c3616059049a6a70d82a39edf08f,README.md
rafi/vim-config,e20b51b70958ccd4b3b892f1e797f74ff9ba4d55,README.md
rafi/vim-config,e7166b74b692b2a3cb86df8b95b80fb7ec9a5350,README.md
rafi/vim-config,eb0135716b2e8866f7d41327f77a78be4e411c4a,README.md
rafi/vim-config,f30518dc3641e193f3c80e775653cbbe8533539e,README.md
rafi/vim-config,f329b91074ec4b087c01c7cddae4d6348a18fd0b,README.md
rafi/vim-config,f3902702fe8cbc9efb3ce26d5847f45cb00f63f8,README.md
rafi/vim-config,f437c53b1db77190221b832aab93a2ba230b80e3,README.md
rafi/vim-config,fa942d5f993a2f0c0742b486c87dab8b87a1f439,README.md
rafi/vim-config,fe61c2745cacc56aa3e424b4d649f69717b6f6a1,README.md
serde-rs/serde,0024f74f34fbbdc44a7b22457faebe36c5cbe7f8,README.md
serde-rs/serde,05098105a8d799e3c4651608ab7fe7992c811122,README.md
serde-rs/serde,13a33b3c338c0dbce2b93f6fe654f68fa6389d02,README.md
serde-rs/serde,16af2d9ce77cf45d6fc1ddeb352a676d9bceee8d,README.md
serde-rs/serde,1b14cadf20fb85d5689fe8046a5356e2f7979055,README.md
serde-rs/serde,263a1dbdd716c2b96a523bce9ad45b1eadc81129,README.md
serde-rs/serde,27c8b2d66a7d6e92f48abea257dc6d451ea533f9,README.md
serde-rs/serde,3eec111e8f8c1a17db55d55f3aeb52a6a9be53de,README.md
serde-rs/serde,4dcf7917067d53d7b9b6a3846bfca90e8eec9fec,README.md
serde-rs/serde,4f59cd217a13311916cbcdee99cea7e34a509d75,README.md
serde-rs/serde,55615e8f8e05976826cf6b14b097c73394dd01f4,CONTRIBUTING.md
serde-rs/serde,5a44519a9ac88854883f877b8186a9f6dcbf913a,README.md
serde-rs/serde,830528d5b109fc1e8a0c4cbe720d88e881b12088,README.md
serde-rs/serde,991e344804059226cb89dd8d295085f653339a31,README.md
serde-rs/serde,a57a324d7254c282f6032f9a65044bb5da34c4e1,README.md
serde-rs/serde,c91737fef1e107c7041c568cfe8e4d4eb65ca6ff,README.md
serde-rs/serde,d656b4dd6ae448f34c2ad1f6b7bc39ed594bcac2,README.md
serde-rs/serde,d81f0ef6527f9d7fea41e4d8b82680719da7f1e7,README.md
serde-rs/serde,fa0312ac453372ed5dd67c2e38709bbb0d776b05,README.md
sobolevn/git-secret,3b845650fd65e61269df08ed005dcf61e7d80700,README.md
sobolevn/git-secret,49525b8a2b830d1918d5fd40f64d9b18a0fe93aa,README.md
williballenthin/python-idb,97135b0cbe7c6477d016407a8bfe9764c732268c,readme.md
williballenthin/python-idb,ae702b25cdec5edce3210eef15e2fb46c0d3b5e2,readme.md
xwp/pwa-wp,065232fe5206d3463166eb5e5e216d072e110f63,README.md
xwp/pwa-wp,069630ecd23272a39c06ae0f0b61c8d205fd02e0,README.md
xwp/pwa-wp,53a2d2d387aae93b78ae3c438af9be5356f998a1,README.md
xwp/pwa-wp,5ed4882b08ea535723c4d569b013c804898fd7ba,README.md
xwp/pwa-wp,5fd0c2631eb5e7a34b90ce572bd6da7bee1df272,README.md
xwp/pwa-wp,622ae739f232704e979efea0bc616bf52e277ecd,README.md
xwp/pwa-wp,76b4c72428ec2ab8c3f1f24c9c9252e7915ca2ba,README.md
xwp/pwa-wp,7cad4afef477de784df4b39441fb4ba181ae2053,README.md
xwp/pwa-wp,87ebccc372c2540ce916197d9234e31e32235d1a,README.md
xwp/pwa-wp,cbad4a4e49e866cd7b410794332e3e2191b4c6b8,README.md
xwp/pwa-wp,f4e80a3c87b34a238aea80be5fc063bc4e6e249c,README.md
yonadev/yona-server,ea4b8571be25fff792ec35ba3f77f9fd8212051a,README.md
