V1,V2,V3,V4
8,https://api.github.com/repos/NUBIC/ncs_navigator_core,ncs_navigator_core,\N
453,https://api.github.com/repos/sourcefabric/airtime,Airtime,\N
675,https://api.github.com/repos/requirejs/requirejs,requirejs,\N
868,https://api.github.com/repos/pivotal/pivotal_workstation,pivotal_workstation,\N
1615,https://api.github.com/repos/appdotnet/api-spec,api-spec,\N
3522,https://api.github.com/repos/goinvo/hGraph,hGraph,\N
3594,https://api.github.com/repos/droolsjbpm/jbpm,jbpm,\N
4221,https://api.github.com/repos/symfony-cmf/cmf-sandbox,cmf-sandbox,\N
5008,https://api.github.com/repos/plusjade/jekyll-bootstrap,jekyll-bootstrap,\N
5016,https://api.github.com/repos/rails/activeresource,activeresource,\N
6320,https://api.github.com/repos/couchrest/couchrest_model,couchrest_model,\N
7061,https://api.github.com/repos/mapbox/tilemill,tilemill,\N
9851,https://api.github.com/repos/mongodb/casbah,casbah,\N
10098,https://api.github.com/repos/okfn/recline,recline,\N
11000,https://api.github.com/repos/mozilla-b2g/gaia-email-libs-and-more,gaia-email-libs-and-more,\N
13733,https://api.github.com/repos/jenkinsci/gerrit-trigger-plugin,gerrit-trigger-plugin,\N
13737,https://api.github.com/repos/munin-monitoring/munin,munin,\N
18152,https://api.github.com/repos/senchalabs/jQTouch,jQTouch,\N
19561,https://api.github.com/repos/BonsaiDen/JavaScript-Garden,JavaScript-Garden,\N
20418,https://api.github.com/repos/susestudio/studio-help,studio-help,\N
20429,https://api.github.com/repos/thoughtbot/paperclip,paperclip,\N
22720,https://api.github.com/repos/Eyescale/Buildyard,Buildyard,\N
23371,https://api.github.com/repos/Netflix/archaius,archaius,\N
26359,https://api.github.com/repos/facebook/libphutil,libphutil,\N
26734,https://api.github.com/repos/Locale/localeapp,localeapp,\N
27242,https://api.github.com/repos/tokuhirom/Amon,Amon,\N
27519,https://api.github.com/repos/twilio/twilio-java,twilio-java,\N
31185,https://api.github.com/repos/denoflionsx/PluginsForForestry,PluginsForForestry,\N
36089,https://api.github.com/repos/heroku/heroku-eclipse-plugin,heroku-eclipse-plugin,\N
36461,https://api.github.com/repos/jonashaag/klaus,klaus,\N
37576,https://api.github.com/repos/linuxmint/mdm,mdm,\N
40322,https://api.github.com/repos/wg-perception/object_recognition_core,object_recognition_core,\N
40590,https://api.github.com/repos/wg-perception/tod,tod,\N
42556,https://api.github.com/repos/andrew/node-sass,node-sass,\N
46368,https://api.github.com/repos/coolwanglu/pdf2htmlEX,pdf2htmlEX,\N
48547,https://api.github.com/repos/mooz/js2-mode,js2-mode,\N
48805,https://api.github.com/repos/urbanairship/datacube,datacube,\N
49292,https://api.github.com/repos/ruby-sapporo/sapporo.rubykaigi.org,sapporo.rubykaigi.org,\N
49745,https://api.github.com/repos/MetaScale/nt2,nt2,\N
52611,https://api.github.com/repos/gottcode/focuswriter,focuswriter,\N
53383,https://api.github.com/repos/mongoid/moped,moped,\N
56551,https://api.github.com/repos/imagej/imagej,imagej,\N
56882,https://api.github.com/repos/bobthecow/genghis,genghis,\N
59212,https://api.github.com/repos/d2rq/d2rq,d2rq,\N
59743,https://api.github.com/repos/astropy/astroquery,astroquery,\N
59799,https://api.github.com/repos/ruby-amqp/bunny,bunny,\N
61835,https://api.github.com/repos/mozilla-services/circus,circus,\N
63123,https://api.github.com/repos/SciTools/iris,iris,\N
64924,https://api.github.com/repos/brainwallet/brainwallet.github.com,brainwallet.github.com,\N
69547,https://api.github.com/repos/int3/doppio,doppio,\N
79311,https://api.github.com/repos/TGAC/miso-lims,miso-lims,\N
89762,https://api.github.com/repos/mantisbt-plugins/source-integration,source-integration,\N
90652,https://api.github.com/repos/tomakehurst/wiremock,wiremock,\N
95587,https://api.github.com/repos/foudfou/FireTray,FireTray,\N
99655,https://api.github.com/repos/ludovicchabant/PieCrust,PieCrust,\N
103896,https://api.github.com/repos/Islandora/islandora_xacml_editor,islandora_xacml_editor,\N
106664,https://api.github.com/repos/spockframework/spock,spock,\N
107799,https://api.github.com/repos/calliopeinitiative/marca,marca,\N
110098,https://api.github.com/repos/lemire/javaewah,javaewah,\N
110681,https://api.github.com/repos/tvrenamer/tvrenamer,tvrenamer,\N
117462,https://api.github.com/repos/adamabdelhamed/PowerArgs,PowerArgs,\N
126236,https://api.github.com/repos/imageworks/OpenColorIO,OpenColorIO,\N
126449,https://api.github.com/repos/braziljs/js-the-right-way,js-the-right-way,\N
128604,https://api.github.com/repos/simsem/simsem,simsem,\N
143420,https://api.github.com/repos/LinuxCNC/linuxcnc,linuxcnc-mirror,\N
164846,https://api.github.com/repos/gree/unity-webview,unity-webview,\N
171416,https://api.github.com/repos/eonpatapon/gnome-shell-extensions-mediaplayer,gnome-shell-extensions-mediaplayer,\N
177660,https://api.github.com/repos/miyagawa/cpanminus,cpanminus,\N
182770,https://api.github.com/repos/msgpack/msgpack-ruby,msgpack-ruby,\N
193146,https://api.github.com/repos/saasbook/rag,rag,\N
213387,https://api.github.com/repos/mapserver/mapcache,mapcache,\N
240083,https://api.github.com/repos/pressednet/lumberg,lumberg,\N
271488,https://api.github.com/repos/typhoeus/ethon,ethon,\N
300140,https://api.github.com/repos/apache/cxf,cxf,\N
332506,https://api.github.com/repos/JustBuild/Project-Axeman,Project-Axeman,\N
347875,https://api.github.com/repos/kikito/bump.lua,bump.lua,\N
362034,https://api.github.com/repos/ousttrue/pymeshio,pymeshio,\N
383830,https://api.github.com/repos/Groogy/rbSFML,rbSFML,\N
385044,https://api.github.com/repos/InteractiveLab/TouchScript,TouchScript,\N
399767,https://api.github.com/repos/klen/pylama,pylama,\N
401412,https://api.github.com/repos/opscode/sqerl,sqerl,\N
477815,https://api.github.com/repos/mirage/ocaml-cstruct,ocaml-cstruct,\N
547984,https://api.github.com/repos/fhsjaagshs/FHSTwitterEngine,FHSTwitterEngine,\N
601023,https://api.github.com/repos/metamx/java-util,java-util,\N
725352,https://api.github.com/repos/twitter/bower,bower,\N
735504,https://api.github.com/repos/statgen/bamUtil,bamUtil,\N
749372,https://api.github.com/repos/jkuhnert/ognl,ognl,\N
752120,https://api.github.com/repos/bugsnag/bugsnag-android,bugsnag-android,\N
882559,https://api.github.com/repos/SUSE/smt,smt,\N
1036396,https://api.github.com/repos/hoodiehq/hoodie,hoodie.js,\N
1270737,https://api.github.com/repos/rstudio/shiny,shiny,\N
1344612,https://api.github.com/repos/scikit-image/scikit-image,scikit-image,\N
1369771,https://api.github.com/repos/anura-engine/anura,anura,\N
1426103,https://api.github.com/repos/ubc-web-services/Megatron,Megatron,\N
1444751,https://api.github.com/repos/gamaral/rpi-buildroot,rpi-buildroot,\N
1447696,https://api.github.com/repos/agacek/jkind,jkind,\N
1471120,https://api.github.com/repos/digarok/gsplus,gsplus,\N
1501344,https://api.github.com/repos/yohang/Finite,Finite,\N
1591231,https://api.github.com/repos/markmarkoh/datamaps,datamaps,\N
1625829,https://api.github.com/repos/bigmlcom/bigmler,bigmler,\N
1748289,https://api.github.com/repos/EragonJ/Trip.js,Trip.js,\N
1841145,https://api.github.com/repos/osmandapp/OsmAnd-core,OsmAnd-core,\N
1877511,https://api.github.com/repos/zdavatz/oddb.org,oddb.org,\N
1882079,https://api.github.com/repos/GordonLesti/Lesti_Fpc,Lesti_Fpc,\N
1901643,https://api.github.com/repos/h5py/h5py,h5py,\N
1907868,https://api.github.com/repos/clickalicious/Doozr,DoozR,\N
1955397,https://api.github.com/repos/inbasic/iaextractor,iaextractor,\N
2257364,https://api.github.com/repos/stripe/jquery.payment,jquery.payment,\N
2263557,https://api.github.com/repos/SoftwareSynthesis/SoftwareEngineeringProject,SoftwareEngineeringProject,\N
2270014,https://api.github.com/repos/dpla/frontend,frontend,\N
2303384,https://api.github.com/repos/ddsc/webclient,webclient,\N
2304406,https://api.github.com/repos/RobBrazier/Laravel_Piwik,Laravel_Piwik,\N
2323163,https://api.github.com/repos/markstory/lint-review,lint-review,\N
2324610,https://api.github.com/repos/daddyz/phonelib,phonelib,\N
2366289,https://api.github.com/repos/cybereality/Perception,Perception,\N
2368092,https://api.github.com/repos/http-kit/http-kit,http-kit,\N
2446965,https://api.github.com/repos/openshift/openshift-extras,openshift-extras,\N
2472526,https://api.github.com/repos/mahmoud/ashes,ashes,\N
2478406,https://api.github.com/repos/stekycz/Cronner,Cronner,\N
2652874,https://api.github.com/repos/networkupstools/nut,nut,\N
2654006,https://api.github.com/repos/sipwise/mediaproxy-ng,mediaproxy-ng,\N
2657537,https://api.github.com/repos/guryanovev/CrystalQuartz,CrystalQuartz,\N
2661028,https://api.github.com/repos/FasterXML/jackson-dataformat-protobuf,jackson-dataformat-protobuf,\N
2755333,https://api.github.com/repos/mrvux/dx11-vvvv,dx11-vvvv,\N
2844843,https://api.github.com/repos/roboptim/roboptim-trajectory,roboptim-trajectory,\N
2944946,https://api.github.com/repos/mmazi/rescu,rescu,\N
3127830,https://api.github.com/repos/camunda/camunda-bpm-platform,camunda-bpm-platform,\N
3197563,https://api.github.com/repos/itamarst/crochet,crochet,\N
3240873,https://api.github.com/repos/skylines-project/skylines,skylines,\N
3282223,https://api.github.com/repos/rockstor/rockstor-core,rockstor-core,\N
3307643,https://api.github.com/repos/jbosstools/jbosstools-discovery,jbosstools-discovery,\N
3325454,https://api.github.com/repos/simonmichael/hledger,hledger,\N
3342575,https://api.github.com/repos/Mozilla-TWQA/B2G-flash-tool,B2G-flash-tool,\N
3409001,https://api.github.com/repos/teepluss/laravel-theme,laravel4-theme,\N
3420283,https://api.github.com/repos/walmik/timer.jquery,timer.jquery,\N
3452122,https://api.github.com/repos/la1k/flyby,flyby,\N
3512339,https://api.github.com/repos/jackc/pgx,pgx,\N
3559012,https://api.github.com/repos/jtalks-org/functional-tests,functional-tests,\N
3637926,https://api.github.com/repos/simpsora/omnibug,omnibug,\N
3706816,https://api.github.com/repos/jhoblitt/puppet-smartd,puppet-smartd,\N
3712990,https://api.github.com/repos/silverstripe/silverstripe-userhelp-content,silverstripe-userhelp-content,\N
3743536,https://api.github.com/repos/OPM/opm-autodiff,opm-autodiff,\N
3820584,https://api.github.com/repos/zpaulovics/datetimepicker-rails,datetimepicker-rails,\N
3837412,https://api.github.com/repos/adambrault/bumble,bumble,\N
3871375,https://api.github.com/repos/TYPO3/TYPO3.CMS,TYPO3.CMS,\N
3890044,https://api.github.com/repos/Bitergia/mediawiki-dashboard,mediawiki-dashboard,\N
3957172,https://api.github.com/repos/mgaitan/preciosa,preciosa,\N
4055917,https://api.github.com/repos/JoanZapata/android-iconify,android-iconify,\N
4123799,https://api.github.com/repos/opennorth/popolo-spec,popolo-spec,\N
4254082,https://api.github.com/repos/gini/dropwizard-gelf,dropwizard-gelf,\N
4307060,https://api.github.com/repos/enviroCar/enviroCar-app,enviroCar-app,\N
4436933,https://api.github.com/repos/plentymarkets/plentymarkets-shopware-connector,plentymarkets-shopware-connector,\N
4442546,https://api.github.com/repos/HumanDynamics/openPDS,openPDS,\N
4687903,https://api.github.com/repos/4teamwork/opengever.core,opengever.core,\N
4767552,https://api.github.com/repos/InternationalTradeAdministration/developerportal,developerportal,\N
4796618,https://api.github.com/repos/fisharebest/webtrees,webtrees,\N
4828375,https://api.github.com/repos/porscheinformatik/cucumber-report-db,cucumber-report-db,\N
4883154,https://api.github.com/repos/Misiur/YSI-Includes,YSI-Includes,\N
4906953,https://api.github.com/repos/glennjones/hapi-swagger,hapi-swagger,\N
4912830,https://api.github.com/repos/wmixvideo/nfe,nfe,\N
4927316,https://api.github.com/repos/textpattern/textpacks,textpacks,\N
4931621,https://api.github.com/repos/Alfresco/alfresco-sdk,alfresco-sdk,\N
4957313,https://api.github.com/repos/fs/static-base,static-base,\N
5028230,https://api.github.com/repos/behance/assets-jquery,assets-jquery,\N
5028245,https://api.github.com/repos/BarkleyREI/generator-brei-app,generator-brei-app,\N
5093657,https://api.github.com/repos/A3Wasteland/ArmA3_Wasteland.Altis,ArmA3_Wasteland.Altis,\N
5146954,https://api.github.com/repos/Dan-in-CA/OSPi,OSPi,\N
5208564,https://api.github.com/repos/Icinga/icinga-core,icinga-core,\N
5317035,https://api.github.com/repos/olov/ng-annotate,ng-annotate,\N
5327547,https://api.github.com/repos/jcabi/jcabi-maven-skin,jcabi-maven-skin,\N
5371300,https://api.github.com/repos/opengovernment/askthem,askthem,\N
5372672,https://api.github.com/repos/spf13/cobra,cobra,\N
5377371,https://api.github.com/repos/carlinyuen/ChromeAutoTextExpander,ChromeAutoTextExpander,\N
5384204,https://api.github.com/repos/themotleyfool/Klondike,Klondike,\N
5431349,https://api.github.com/repos/addyosmani/grunt-uncss,grunt-uncss,\N
5507363,https://api.github.com/repos/petkaantonov/bluebird,bluebird,\N
5545429,https://api.github.com/repos/balloob/home-assistant,home-assistant,\N
5592236,https://api.github.com/repos/openl10n/openl10n,openl10n,\N
5631331,https://api.github.com/repos/auth0/ruby-auth0,ruby-auth0,\N
5643680,https://api.github.com/repos/clibs/clib,clib,\N
5646898,https://api.github.com/repos/openworm/open-worm-analysis-toolbox,movement_validation,\N
5653042,https://api.github.com/repos/rbock/sqlpp11-connector-mysql,sqlpp11-connector-mysql,\N
5670090,https://api.github.com/repos/bbody/CMD-Resume,CMD-Resume,\N
5851335,https://api.github.com/repos/contentful/contentful-management.js,contentful-management.js,\N
5958416,https://api.github.com/repos/jcabi/jcabi-xml,jcabi-xml,\N
6039793,https://api.github.com/repos/ropensci/spocc,spocc,\N
6063252,https://api.github.com/repos/jasonrbriggs/stomp.py,stomp.py,\N
6157204,https://api.github.com/repos/jshemas/openGraphScraper,openGraphScraper,\N
6180958,https://api.github.com/repos/lob/lob-node,lob-node,\N
6234455,https://api.github.com/repos/shama/stylus-loader,stylus-loader,\N
6255267,https://api.github.com/repos/elastic/logstash-forwarder,logstash-forwarder,\N
6323879,https://api.github.com/repos/political-memory/political_memory,political_memory,\N
6329729,https://api.github.com/repos/dpgaspar/Flask-AppBuilder,Flask-AppBuilder,\N
6339217,https://api.github.com/repos/Alexpux/MSYS2-packages,MSYS2-packages,\N
6418367,https://api.github.com/repos/SitePen/dstore,dstore,\N
6651996,https://api.github.com/repos/KartikTalwar/gmail.js,gmail.js,\N
6708294,https://api.github.com/repos/obduk/cms,cms,\N
6709813,https://api.github.com/repos/M6Web/RedisMock,RedisMock,\N
6785056,https://api.github.com/repos/f-list/fserv,fserv,\N
6837585,https://api.github.com/repos/alfredxing/brick,brick,\N
6916150,https://api.github.com/repos/jzaefferer/commitplease,commitplease,\N
6964241,https://api.github.com/repos/joshiejack/Mariculture,Mariculture,\N
7007695,https://api.github.com/repos/bertfreudenberg/SqueakJS,SqueakJS,\N
7095246,https://api.github.com/repos/vtourraine/VTAcknowledgementsViewController,VTAcknowledgementsViewController,\N
7115357,https://api.github.com/repos/nutso/redmine-plugin-recurring-tasks,redmine-plugin-recurring-tasks,\N
7135564,https://api.github.com/repos/attm2x/m2x-android,m2x-android,\N
7287370,https://api.github.com/repos/bwood/ucberkeley_cas-7,ucberkeley_cas-7,\N
7303823,https://api.github.com/repos/dchest/tweetnacl-js,tweetnacl-js,\N
7429109,https://api.github.com/repos/Webcraft-Myplanet/wow-skeletor,wow-skeletor,\N
7463038,https://api.github.com/repos/TargetProcess/tauCharts,tauCharts,\N
7483538,https://api.github.com/repos/kubasub/chinese-checkers,chinese-checkers,\N
7495699,https://api.github.com/repos/danielwippermann/resol-vbus,resol-vbus,\N
7500942,https://api.github.com/repos/toleda/audio_CloverALC,audio_CloverALC,\N
7588862,https://api.github.com/repos/Codegyre/Robo,Robo,\N
7653225,https://api.github.com/repos/resource/fabricator,fabricator,\N
7839429,https://api.github.com/repos/jmmv/atf,atf,\N
7961750,https://api.github.com/repos/mozilla/fxa-oauth-server,fxa-oauth-server,\N
8003211,https://api.github.com/repos/substack/clocker,clocker,\N
8005997,https://api.github.com/repos/mruby/mgem-list,mgem-list,\N
8062610,https://api.github.com/repos/stempler/bnd-platform,bnd-platform,\N
8091089,https://api.github.com/repos/jurialmunkey/skin.eminence,skin.eminence,\N
8109836,https://api.github.com/repos/areaDetector/ADAndor,ADAndor,\N
8136116,https://api.github.com/repos/typo3-themes/themes_gridelements,themes_gridelements,\N
8143519,https://api.github.com/repos/DH-Box/dhbox,dhbox,\N
8159916,https://api.github.com/repos/mikeakohn/naken_asm,naken_asm,\N
8218359,https://api.github.com/repos/atom/language-yaml,language-yaml,\N
8242501,https://api.github.com/repos/atom/snippets,snippets,\N
8245743,https://api.github.com/repos/TransactPRO/transactpro-integration-php,transactpro-integration-php,\N
8247807,https://api.github.com/repos/4pr0n/ripme,ripme,\N
8266737,https://api.github.com/repos/numenta-archive/nupic.fluent,nupic.fluent,\N
8286278,https://api.github.com/repos/lucidworks/banana,banana,\N
8325477,https://api.github.com/repos/52North/js-sensorweb-client,js-sensorweb-client,\N
8345916,https://api.github.com/repos/g0v/summit.g0v.tw,summit.g0v.tw,\N
8522779,https://api.github.com/repos/elastic/elasticsearch-net,elasticsearch-net,\N
8576826,https://api.github.com/repos/Ordinastie/MalisisDoors,MalisisDoors,\N
8581244,https://api.github.com/repos/couchbase/couchbase-lite-java,couchbase-lite-java,\N
8694525,https://api.github.com/repos/GA-WDI/installfest,installfest_script,\N
8825722,https://api.github.com/repos/orchestrate-io/orchestrate.js,orchestrate.js,\N
8839245,https://api.github.com/repos/userfrosting/UserFrosting,UserFrosting,\N
8852438,https://api.github.com/repos/humanoid-path-planner/hpp-core,hpp-core,\N
8908493,https://api.github.com/repos/LiamKarlMitchell/InfiniteSky,InfiniteSky,\N
8947117,https://api.github.com/repos/Azure/azure-sdk-tools-xplat,azure-sdk-tools-xplat,\N
9003266,https://api.github.com/repos/Obijuan/tutoriales-freecad,tutoriales-freecad,\N
9120511,https://api.github.com/repos/appium/python-client,python-client,\N
9180575,https://api.github.com/repos/OldHuntsman/DefilerWings,DefilerWings,\N
9239405,https://api.github.com/repos/projectatomic/atomic-site,atomic-site,\N
9288363,https://api.github.com/repos/lttng/lttng-tools,lttng-tools,\N
9297028,https://api.github.com/repos/iputils/iputils,iputils,\N
9302037,https://api.github.com/repos/cfpb/cfgov-refresh,cfgov-refresh,\N
9433341,https://api.github.com/repos/nlp-compromise/nlp_compromise,nlp_compromise,\N
9657939,https://api.github.com/repos/Soundnode/soundnode-app,soundnode-app,\N
9659046,https://api.github.com/repos/aspnet/DependencyInjection,DependencyInjection,\N
9799440,https://api.github.com/repos/nhl/link-rest,link-rest,\N
9805387,https://api.github.com/repos/miketeo/pysmb,pysmb,\N
9870868,https://api.github.com/repos/mcveanlab/mccortex,mccortex,\N
9899467,https://api.github.com/repos/requestly/chrome-extension,requestly,\N
9965462,https://api.github.com/repos/hotosm/imagery-requests,imagery-requests,\N
9986788,https://api.github.com/repos/KitwareMedical/VesselView,VesselView,\N
10049488,https://api.github.com/repos/helight/openflow,openflow,\N
10050775,https://api.github.com/repos/juju/utils,utils,\N
10058213,https://api.github.com/repos/quarkslab/irma-frontend,irma-frontend,\N
10062949,https://api.github.com/repos/fedora-infra/fedimg,fedimg,\N
10110995,https://api.github.com/repos/docker-library/ruby,ruby,\N
10145587,https://api.github.com/repos/alphagov/cdn-acceptance-tests,cdn-acceptance-tests,\N
10212350,https://api.github.com/repos/CarrotCodes/EnderTech,EnderTech,\N
10219974,https://api.github.com/repos/JVMartin/angel,angel,\N
10257172,https://api.github.com/repos/SpiNNakerManchester/SpiNNMan,SpiNNMan,\N
10285671,https://api.github.com/repos/vain/lariza,lariza,\N
10312571,https://api.github.com/repos/contao-bootstrap/form,form,\N
10379776,https://api.github.com/repos/zurb/foundation-apps,foundation-apps,\N
10390342,https://api.github.com/repos/Saleslogix/DotNetSDataClient,DotNetSDataClient,\N
10450466,https://api.github.com/repos/LaunchAcademy/neighborhoods,neighborhoods,\N
10463747,https://api.github.com/repos/meraki-analytics/Orianna,Orianna,\N
10505225,https://api.github.com/repos/acplt/rte,rte,\N
10513482,https://api.github.com/repos/GoogleCloudPlatform/appengine-maven-archetypes-java,appengine-maven-archetypes-java,\N
10520341,https://api.github.com/repos/Andrettin/Wyrmgus,Wyrmgus,\N
10576010,https://api.github.com/repos/spree-contrib/spree_tax_cloud,spree_tax_cloud,\N
10612722,https://api.github.com/repos/policycompass/policycompass,policycompass,\N
10654999,https://api.github.com/repos/nibogd/ingress-ice,ingress-ice,\N
10663239,https://api.github.com/repos/unicredit/hbase-rdd,hbase-rdd,\N
10663961,https://api.github.com/repos/digabi/digabi-os,digabi-os,\N
10741739,https://api.github.com/repos/fedora-infra/anitya,anitya,\N
10776668,https://api.github.com/repos/opentable/hobknob,hobknob,\N
10811977,https://api.github.com/repos/gentoo/libressl,libressl,\N
10817458,https://api.github.com/repos/lindegroup/autopkgr,autopkgr,\N
10825126,https://api.github.com/repos/pattern-lab/patternlab-php-core,patternlab-php-core,\N
10866464,https://api.github.com/repos/strongloop/strong-control-channel,strong-control-channel,\N
10928588,https://api.github.com/repos/uProxy/uproxy-networking,uproxy-networking,\N
11009826,https://api.github.com/repos/OryxProject/oryx,oryx,\N
11077845,https://api.github.com/repos/futurice/android-best-practices,android-best-practices,\N
11156150,https://api.github.com/repos/syncthing/syncthing,syncthing,\N
11179136,https://api.github.com/repos/Zizzamia/ng-tasty,ng-tasty,\N
11415550,https://api.github.com/repos/rackerlabs/encore-ui-nav,encore-ui-nav,\N
11466471,https://api.github.com/repos/OSMBrasil/validador-josm,validador-josm,\N
11512511,https://api.github.com/repos/docker-library/python,python,\N
11521877,https://api.github.com/repos/higanworks/knife-zero,knife-zero,\N
11528473,https://api.github.com/repos/Adobe-Marketing-Cloud/aem-project-archetype,aem-project-archetype,\N
11563433,https://api.github.com/repos/kirijiri/GalactosIntolerant,GalactosIntolerant,\N
11600418,https://api.github.com/repos/jruby-gradle/jruby-gradle-plugin,jruby-gradle-plugin,\N
11613427,https://api.github.com/repos/phetsims/neuron,neuron,\N
11679059,https://api.github.com/repos/rosjat/python-scsi,python-scsi,\N
11687962,https://api.github.com/repos/wakameci/wakame-ci-cluster,wakame-ci-cluster,\N
11695619,https://api.github.com/repos/my-koop/service.website,service.website,\N
11696297,https://api.github.com/repos/DonutWorks/Ari,Ari,\N
11715856,https://api.github.com/repos/Microsoft/Win2D,Win2D,\N
11743570,https://api.github.com/repos/spring-cloud/spring-cloud-connectors,spring-cloud-connectors,\N
11758846,https://api.github.com/repos/richardreeve/Diversity.jl,Diversity.jl,\N
11765943,https://api.github.com/repos/msp4/shopper,shopper,\N
11774646,https://api.github.com/repos/CargoSense/ex_aws,ex_aws,\N
11784209,https://api.github.com/repos/FlorianZ/hadashboard,hadashboard,\N
11787387,https://api.github.com/repos/xaque208/puppet-bacula,puppet-bacula,\N
12214355,https://api.github.com/repos/GoogleCloudPlatform/appengine-pipelines,appengine-pipelines,\N
12223894,https://api.github.com/repos/quantopian/qdb,qdb,\N
12270872,https://api.github.com/repos/MUME/MMapper,MMapper,\N
12305037,https://api.github.com/repos/ethul/purs-loader,purs-loader,\N
12326807,https://api.github.com/repos/openmrs/openmrs-module-openconceptlab,openmrs-module-openconceptlab,\N
12338085,https://api.github.com/repos/v0dro/daru,daru,\N
12401143,https://api.github.com/repos/jozefizso/SystemWrapper,SystemWrapper,\N
12515921,https://api.github.com/repos/cristal-ise/kernel,kernel,\N
12558354,https://api.github.com/repos/percival-detector/percivalui,percivalui,\N
12603174,https://api.github.com/repos/rapidpro/ureport,ureport,\N
12624707,https://api.github.com/repos/dontcallmedom/github-notify-ml,github-notify-ml,\N
12763636,https://api.github.com/repos/aerospike/aerospike-client-ruby,aerospike-client-ruby,\N
12788510,https://api.github.com/repos/tuna/tunasync,tunasync,\N
12806161,https://api.github.com/repos/robovm/robovm-docs,robovm-docs,\N
12855684,https://api.github.com/repos/ryanbinns/ttwatch,ttwatch,\N
12902447,https://api.github.com/repos/NMRLipids/nmrlipids.blogspot.fi,nmrlipids.blogspot.fi,\N
13021523,https://api.github.com/repos/05bit/peewee-async,peewee-async,\N
13041857,https://api.github.com/repos/finn-no/spaden,spaden,\N
13042928,https://api.github.com/repos/alibaba/anyproxy,anyproxy,\N
13044619,https://api.github.com/repos/ColinDuquesnoy/MellowPlayer,MellowPlayer,\N
13065211,https://api.github.com/repos/abyss7/dist-clang,dist-clang,\N
13095216,https://api.github.com/repos/StackStorm/st2,st2,\N
13105509,https://api.github.com/repos/CosmoCMS/Cosmo,Cosmo,\N
13453920,https://api.github.com/repos/wies/grasshopper,grasshopper,\N
13459418,https://api.github.com/repos/begriffs/postgrest,postgrest,\N
13462180,https://api.github.com/repos/lumapps/lumX,lumX,\N
13516218,https://api.github.com/repos/martanne/dvtm,dvtm,\N
13579299,https://api.github.com/repos/Fedict/eid-mw,eid-mw,\N
13631671,https://api.github.com/repos/mbraak/django-mptt-admin,django-mptt-admin,\N
13633178,https://api.github.com/repos/gorgias/gorgias-chrome,gorgias-chrome,\N
13662452,https://api.github.com/repos/robrix/Madness,Madness,\N
13672701,https://api.github.com/repos/open-power/occ,occ,\N
13684948,https://api.github.com/repos/mcanevet/rspec-puppet-facts,rspec-puppet-facts,\N
13692625,https://api.github.com/repos/thebigg73/OpenSongTablet,OpenSongTablet,\N
13692628,https://api.github.com/repos/steelbrain/Atom-Hack,atom-hack,\N
13713546,https://api.github.com/repos/osrg/earthquake,earthquake,\N
13723156,https://api.github.com/repos/ionelmc/python-lazy-object-proxy,python-lazy-object-proxy,\N
13761960,https://api.github.com/repos/FXyz/FXyz,FXyz,\N
13851471,https://api.github.com/repos/24HeuresINSA/24h-android-app,24h-android-app,\N
13968631,https://api.github.com/repos/joomla/framework.joomla.org,framework.joomla.org,\N
14139853,https://api.github.com/repos/intervention-engine/fhir,fhir,\N
14172496,https://api.github.com/repos/danbarua/NEventSocket,NEventSocket,\N
14211649,https://api.github.com/repos/vmware/vca-cli,vca-cli,\N
14290267,https://api.github.com/repos/paf31/purescript-thermite,purescript-thermite,\N
14398522,https://api.github.com/repos/siteorigin/docs,docs,\N
14405485,https://api.github.com/repos/ember-cli/loader.js,loader.js,\N
14481350,https://api.github.com/repos/tableau-mkt/entity_xliff,entity_xliff,\N
14523232,https://api.github.com/repos/zimmski/go-mutesting,go-mutesting,\N
14537724,https://api.github.com/repos/webmozart/key-value-store,key-value-store,\N
14613981,https://api.github.com/repos/wyrzucto/wyrzuc.to,wyrzuc.to,\N
14646172,https://api.github.com/repos/fvcproductions/fvcproductions.github.io,fvcproductions.github.io,\N
14679331,https://api.github.com/repos/opnsense/src,src,\N
14777331,https://api.github.com/repos/HdrHistogram/HdrHistogram_c,HdrHistogram_c,\N
14798067,https://api.github.com/repos/h5p/h5p-single-choice-set,h5p-single-choice-set,\N
14815906,https://api.github.com/repos/anchor/oauth2-server,oauth2-server,\N
14887636,https://api.github.com/repos/Yortw/RSSDP,RSSDP,\N
14912403,https://api.github.com/repos/simphony/simphony-kratos,simphony-kratos,\N
14965500,https://api.github.com/repos/emgram769/lighthouse,lighthouse,\N
14965556,https://api.github.com/repos/typelift/SwiftCheck,SwiftCheck,\N
14998028,https://api.github.com/repos/pachyderm/pachyderm,pfs,\N
15034783,https://api.github.com/repos/openfin/fin-hypergrid,fin-hypergrid,\N
15069960,https://api.github.com/repos/nomeata/gipeda,gipeda,\N
15082189,https://api.github.com/repos/CiviCooP/org.civicoop.civirules,org.civicoop.civirules,\N
15109796,https://api.github.com/repos/siddontang/go-mysql-elasticsearch,go-mysql-elasticsearch,\N
15159360,https://api.github.com/repos/viewflow/django-material,django-material,\N
15379053,https://api.github.com/repos/rjeczalik/notify,notify,\N
15433141,https://api.github.com/repos/galaxyproject/bioblend,bioblend,\N
15612202,https://api.github.com/repos/Brightspace/valence-ui-docs,valence-ui-docs,\N
15668798,https://api.github.com/repos/mlison/protractor-jasmine2-screenshot-reporter,protractor-jasmine2-screenshot-reporter,\N
15704254,https://api.github.com/repos/progit/progit2-ko,progit2-ko,\N
15713278,https://api.github.com/repos/open-cloud/xos,xos,\N
15745733,https://api.github.com/repos/horosproject/horos,horos,\N
15816865,https://api.github.com/repos/keymetrics/pmx,pmx,\N
15853026,https://api.github.com/repos/meetup/sassquatch2,sassquatch2,\N
15931834,https://api.github.com/repos/hafen/trelliscopejs,trelliscopejs,\N
15968283,https://api.github.com/repos/Syncano/syncano-cli,syncano-cli,\N
16032631,https://api.github.com/repos/kevingzhang/welog,welog,\N
16088054,https://api.github.com/repos/TrackDons/trackdons,trackdons,\N
16118672,https://api.github.com/repos/magenta-aps/mox,mox,\N
16120894,https://api.github.com/repos/ska-sa/rodrigues,rodrigues,\N
16158331,https://api.github.com/repos/vert-x3/vertx-sql-common,vertx-sql-common,\N
16319302,https://api.github.com/repos/RoundingWellOS/marionette.toolkit,marionette.toolkit,\N
16355679,https://api.github.com/repos/babel/broccoli-babel-transpiler,broccoli-babel-transpiler,\N
16469650,https://api.github.com/repos/mackmobile/Contador,Contador,\N
16478846,https://api.github.com/repos/cfpb/grasshopper-ui,grasshopper-ui,\N
16560295,https://api.github.com/repos/mrtnzlml/testbench,testbench,\N
16754405,https://api.github.com/repos/cameroncondry/cbc-kitten-scientists,cbc-kitten-scientists,\N
16789011,https://api.github.com/repos/bjc-edc/bjc-r,bjc-r,\N
16789265,https://api.github.com/repos/cs169-bizworld/bizworld-app,bizworld-app,\N
16977539,https://api.github.com/repos/shellinabox/shellinabox,shellinabox,\N
17008022,https://api.github.com/repos/unexpectedjs/unexpected-express,unexpected-express,\N
17015303,https://api.github.com/repos/MyEssentials/MyTown2-Protections,MyTown2-Protections,\N
17021753,https://api.github.com/repos/emberobserver/client,client,\N
17251363,https://api.github.com/repos/apprenticeharper/DeDRM_tools,DeDRM_tools,\N
17287601,https://api.github.com/repos/lavab/web,web,\N
17311013,https://api.github.com/repos/libgit2/libgit2sharp.nativebinaries,libgit2sharp.nativebinaries,\N
17352550,https://api.github.com/repos/academic-moodle-cooperation/moodle-mod_publication,moodle-mod_publication,\N
17403462,https://api.github.com/repos/hakyimlab/MetaXcan,MetaXcan,\N
17414730,https://api.github.com/repos/FinNerds/AndroidApp,AndroidApp,\N
17455027,https://api.github.com/repos/Torridity/dsworkbench,dsworkbench,\N
17507632,https://api.github.com/repos/gbm-developers/gbm,gbm,\N
17517677,https://api.github.com/repos/JoseExposito/touchegg,touchegg,\N
17561918,https://api.github.com/repos/simsulla/nwomod,nwomod,\N
17567523,https://api.github.com/repos/linkedin/goavro,goavro,\N
17606255,https://api.github.com/repos/mountetna/timur,timur,\N
17681884,https://api.github.com/repos/openpreserve/jhove,jhove,\N
17684170,https://api.github.com/repos/tmills/uhhmm,uhhmm,\N
17924344,https://api.github.com/repos/nubisproject/nubis-fluent-collector,nubis-fluent-collector,\N
18010714,https://api.github.com/repos/whoozle/android-file-transfer-linux,android-file-transfer-linux,\N
18034273,https://api.github.com/repos/arduino-libraries/Ethernet,Ethernet,\N
18059268,https://api.github.com/repos/nuagenetworks/monolithe,monolithe,\N
18144773,https://api.github.com/repos/FarseerTeam/Farseer,Farseer,\N
18441086,https://api.github.com/repos/nickoneill/PermissionScope,PermissionScope,\N
18796995,https://api.github.com/repos/charwking/movie-club,movie-club,\N
18844427,https://api.github.com/repos/Mashape/homebrew-kong,homebrew-kong,\N
18863432,https://api.github.com/repos/everypolitician/viewer-sinatra,popolo-viewer-sinatra,\N
19065536,https://api.github.com/repos/h2opaulh2o/IP-A3-Project,IP-A3-Project,\N
19161721,https://api.github.com/repos/HPI-SWA-Teaching/SqueakREPL,SWT15-Project-13,\N
19172693,https://api.github.com/repos/locator-kn/web,web,\N
19212588,https://api.github.com/repos/forCrowd/WealthEconomy,WealthEconomy,\N
19346973,https://api.github.com/repos/crosire/scripthookvdotnet,scripthookvdotnet,\N
19386331,https://api.github.com/repos/FlintHill/SUAS-Competition,SUAS-Competition,\N
19482008,https://api.github.com/repos/PolymerElements/paper-dialog-scrollable,paper-dialog-scrollable,\N
19482771,https://api.github.com/repos/anvilresearch/connect-cli,connect-cli,\N
19546341,https://api.github.com/repos/ITAAcademy/RobotaMolodi,RobotaMolodi,\N
19572135,https://api.github.com/repos/glenjamin/webpack-hot-middleware,webpack-hot-middleware,\N
19624216,https://api.github.com/repos/GoogleCloudPlatform/python-docs-samples,python-docs-samples,\N
19693512,https://api.github.com/repos/GoogleCloudPlatform/cloud-bigtable-examples,cloud-bigtable-examples,\N
19807617,https://api.github.com/repos/canvasowl/ribbbon,ribbbon,\N
19880924,https://api.github.com/repos/Ultimaker/Uranium,Uranium,\N
19989905,https://api.github.com/repos/socrata-platform/balboa,balboa,\N
20033665,https://api.github.com/repos/google/nsjail,nsjail,\N
20044458,https://api.github.com/repos/mootensai/yii2-enhanced-gii,yii2-enhanced-gii,\N
20139384,https://api.github.com/repos/jorgebastida/awslogs,awslogs,\N
20361668,https://api.github.com/repos/makersacademy/learn_to_program,learn_to_program,\N
20368720,https://api.github.com/repos/desihub/desisurvey,desisurvey,\N
20433576,https://api.github.com/repos/hiqdev/yii2-hiart,yii2-hiart,\N
20534087,https://api.github.com/repos/ingenieux/aws-sdk-typescript,aws-sdk-typescript,\N
20570981,https://api.github.com/repos/css-modules/css-modules-loader-core,css-modules-loader-core,\N
20581121,https://api.github.com/repos/hoodiehq/hoodie-client-store,pouchdb-hoodie-store,\N
20592351,https://api.github.com/repos/danieleteti/delphimvcframework,delphimvcframework,\N
20711037,https://api.github.com/repos/rana/ora,ora,\N
20717688,https://api.github.com/repos/CompletelyFairGames/dwarfcorp,dwarfcorp,\N
20751638,https://api.github.com/repos/rbuckton/grammarkdown,grammarkdown,\N
20752317,https://api.github.com/repos/ifjorissen/vrfy,vrfy,\N
20788736,https://api.github.com/repos/nlhkabu/connect,connect,\N
20803075,https://api.github.com/repos/koudelka/honeydew,honeydew,\N
20817312,https://api.github.com/repos/DbDesigner/translations,translations,\N
20893280,https://api.github.com/repos/pulibrary/locations,locations,\N
20985111,https://api.github.com/repos/s4cha/Arrow,Arrow,\N
21010307,https://api.github.com/repos/GTNewHorizons/NewHorizonsCoreMod,NewHorizonsCoreMod,\N
21068694,https://api.github.com/repos/andela-oadesanya/class9bootcamp,class9bootcamp,\N
21290215,https://api.github.com/repos/m153301/online_secure_808,online_secure_808,\N
21309442,https://api.github.com/repos/PaulBatchelor/Soundpipe,Soundpipe,\N
21498583,https://api.github.com/repos/Rise-Vision/rv-common-e2e,rv-common-e2e,\N
21506045,https://api.github.com/repos/semantic-release/release-notes-generator,release-notes-generator,\N
21572963,https://api.github.com/repos/jimevins/glabels,glabels,\N
21934223,https://api.github.com/repos/cuny-academic-commons/social-paper,social-paper,\N
22050780,https://api.github.com/repos/format-message/format-message,format-message,\N
22053934,https://api.github.com/repos/honeybadger-io/honeybadger-elixir,honeybadger-elixir,\N
22069635,https://api.github.com/repos/rax-brazil/pub-ssh-keys,pub-ssh-keys,\N
22070029,https://api.github.com/repos/PolymerElements/paper-badge,paper-badge,\N
22070141,https://api.github.com/repos/martin-stone/hsv-alpha-color-picker-android,hsv-alpha-color-picker-android,\N
22101624,https://api.github.com/repos/projectcalico/calico-mesos,calico-mesos,\N
22130557,https://api.github.com/repos/Mainflux/mainflux,mainflux,\N
22138944,https://api.github.com/repos/3dcitydb/3dcitydb-web-map,3dcitydb-web-map,\N
22157955,https://api.github.com/repos/NeighborhoodInfoDC/PresCat,PresCat,\N
22431690,https://api.github.com/repos/evilsocket/bettercap-proxy-modules,bettercap-proxy-modules,\N
22751585,https://api.github.com/repos/valhalla/valhalla-docs,valhalla-docs,\N
23076408,https://api.github.com/repos/omeka-s-modules/CSVImport,CSVImport,\N
23475249,https://api.github.com/repos/penberg/helix,helix,\N
23589154,https://api.github.com/repos/ligovirgo/dqsegdb,dqsegdb,\N
24133229,https://api.github.com/repos/bholloway/resolve-url-loader,resolve-url-loader,\N
24144890,https://api.github.com/repos/palantir/gerrit-ci,gerrit-ci,\N
24145350,https://api.github.com/repos/sonyxperiadev/device-sony-kitakami,device-sony-kitakami,\N
24149935,https://api.github.com/repos/infinispan/infinispan-simple-tutorials,infinispan-simple-tutorials,\N
24162340,https://api.github.com/repos/pauldijou/redux-act,redux-act,\N
24186594,https://api.github.com/repos/Kotlin/ktor,ktor,\N
24273255,https://api.github.com/repos/pwsafe/pwsafe,pwsafe,\N
24313152,https://api.github.com/repos/Workiva/w_flux,w_flux,\N
24383735,https://api.github.com/repos/guyellis/plant,plant,\N
24867382,https://api.github.com/repos/bitsoex/bitso-java,bitso-java,\N
24925546,https://api.github.com/repos/burodepeper/language-markdown,language-markdown,\N
24927639,https://api.github.com/repos/yola/yolapy,yolapy,\N
24942692,https://api.github.com/repos/mozilla/feedthefox,feedthefox,\N
24974005,https://api.github.com/repos/Contrast-Security-OSS/docs,docs,\N
25150236,https://api.github.com/repos/stealjs/transpile,transpile,\N
25167051,https://api.github.com/repos/davidgohel/gdtools,gdtools,\N
25672329,https://api.github.com/repos/ctargett/refguide-asciidoc-poc,refguide-asciidoc-poc,\N
25760782,https://api.github.com/repos/CRust-OS/CRust-OS,CRust-OS,\N
25768875,https://api.github.com/repos/uber/ringpop-admin,ringpop-admin,\N
25811398,https://api.github.com/repos/Alignak-monitoring-contrib/alignak-webui,alignak-webui,\N
25839876,https://api.github.com/repos/charliemcelfresh/haikus,haikus,\N
25866203,https://api.github.com/repos/openbmc/openbmc,openbmc,\N
25939215,https://api.github.com/repos/ChrisAdderley/NearFutureSpacecraft,NearFutureSpacecraft,\N
25955096,https://api.github.com/repos/wazuh/wazuh-documentation,wazuh-documentation,\N
26003667,https://api.github.com/repos/tyarkoni/featureX,featureX,\N
26052762,https://api.github.com/repos/UCL/STIR,STIR,\N
26066417,https://api.github.com/repos/iine/iiname,iiname,\N
26114819,https://api.github.com/repos/balabit/coderegation,coderegation,\N
26205213,https://api.github.com/repos/Kronos-Integration/kronos-adapter-inbound-file,kronos-adapter-inbound-file,\N
26247727,https://api.github.com/repos/OpenNTF/WebDevToolkitForDx,WebDevToolkitForDx,\N
26248216,https://api.github.com/repos/fairygui/FairyGUI-unity,FairyGUI-unity,\N
26292758,https://api.github.com/repos/depaul-se-capstone-team-3/student-growth-tracker,student-growth-tracker,\N
26506696,https://api.github.com/repos/open-nsm/ContainNSM,ContainNSM,\N
26568664,https://api.github.com/repos/mapado/rest-client-sdk,rest-client-sdk,\N
27121796,https://api.github.com/repos/graphql-python/graphql-core,graphql-core,\N
27351317,https://api.github.com/repos/big-data-europe/docker-spark,docker-spark,\N
27395744,https://api.github.com/repos/DominicTobias/react-image-crop,react-image-crop,\N
27405811,https://api.github.com/repos/gmfe/react-gm,react-gm,\N
27439998,https://api.github.com/repos/ooyala/skin-config,skin-config,\N
27486820,https://api.github.com/repos/unicorn-engine/unicorn,unicorn,\N
27552259,https://api.github.com/repos/earlymarket/CoPosition,CoPosition,\N
27581319,https://api.github.com/repos/Nagarei/DxLibEx,DxLibEx,\N
27583716,https://api.github.com/repos/kaliop-uk/ezmigrationbundle,ezmigrationbundle,\N
27591003,https://api.github.com/repos/Exerro/Sheets,Sheets,\N
27684813,https://api.github.com/repos/driftyco/ionic2,ionic2,\N
27706383,https://api.github.com/repos/YotpoLtd/magento2-plugin,magento2-plugin,\N
27854959,https://api.github.com/repos/transferwise/styleguide-components,styleguide-components,\N
27979813,https://api.github.com/repos/gocardless/bump,bump,\N
28157705,https://api.github.com/repos/killswitch-GUI/SimplyEmail,SimplyEmail,\N
28232081,https://api.github.com/repos/Lakion/ApiTestCase,ApiTestCase,\N
28283046,https://api.github.com/repos/RackHD/on-http,on-http,\N
28321111,https://api.github.com/repos/drone-plugins/drone-webhook,drone-webhook,\N
28372945,https://api.github.com/repos/elastic/runbld,runbld,\N
28438899,https://api.github.com/repos/robreuss/VirtualGameController,VirtualGameController,\N
28538894,https://api.github.com/repos/irundaia/sbt-sassify,sbt-sassify,\N
28763160,https://api.github.com/repos/teltek/PuMuKIT2-moodle-bundle,PuMuKIT2-moodle-bundle,\N
28828455,https://api.github.com/repos/AnalyticalGraphicsInc/gltf-pipeline,gltf-pipeline,\N
28904919,https://api.github.com/repos/plotly/plotly.js,plotly.js,\N
28905662,https://api.github.com/repos/shopkeep/shpkpr,shpkpr,\N
29070099,https://api.github.com/repos/b4b4r07/zplug,zplug,\N
29121171,https://api.github.com/repos/HOST-Oman/libraqm,libraqm,\N
29129859,https://api.github.com/repos/SpectoLabs/hoverfly,hoverfly,\N
29137488,https://api.github.com/repos/tildeio/glimmer,glimmer,\N
29172738,https://api.github.com/repos/Netflix/rend,rend,\N
29293243,https://api.github.com/repos/Yelp/synapse-tools,synapse-tools,\N
29435135,https://api.github.com/repos/DeveloperLiberationFront/Program-Navigation-Plugin,Program-Navigation-Plugin,\N
29631429,https://api.github.com/repos/openego/oeplatform,oeplatform,\N
29694829,https://api.github.com/repos/tehKaiN/ACE,ACE,\N
29830818,https://api.github.com/repos/FountainJS/generator-fountain-react,generator-fountain-react,\N
29980503,https://api.github.com/repos/alhazmy13/MediaPicker,MediaPicker,\N
29984439,https://api.github.com/repos/puppetlabs/puppet-agent,puppet-agent,\N
30005310,https://api.github.com/repos/rhymix/rhymix,xe-core,\N
30173967,https://api.github.com/repos/SandersForPresident/BernieBNB,BernieBNB,\N
30199406,https://api.github.com/repos/cloudfoundry/homebrew-tap,homebrew-tap,\N
30243903,https://api.github.com/repos/henjue/vue-for-idea,vue-for-idea,\N
30382737,https://api.github.com/repos/denysdovhan/bash-handbook,bash-handbook,\N
30385510,https://api.github.com/repos/mx1001/HOps,HOps,\N
30502292,https://api.github.com/repos/Pushwoosh/pushwoosh-phonegap-plugin,pushwoosh-phonegap-plugin,\N
30521748,https://api.github.com/repos/herrstucki/responsive-loader,responsive-loader,\N
30538860,https://api.github.com/repos/j-delaney/easy-application,easy-application,\N
30584428,https://api.github.com/repos/narqo/react-islands,react-islands,\N
30904006,https://api.github.com/repos/F5Networks/f5-icontrol-rest-python,f5-icontrol-rest-python,\N
30960507,https://api.github.com/repos/dachcom-digital/pimcore-toolbox,pimcore-toolbox,\N
30980307,https://api.github.com/repos/YABhq/Laracogs,Laracogs,\N
31013930,https://api.github.com/repos/feathersjs/feathers-docs,feathers-docs,\N
31061087,https://api.github.com/repos/dangdangdotcom/sharding-jdbc,sharding-jdbc,\N
31063260,https://api.github.com/repos/LOVDnl/LOVD3,LOVD3,\N
31101860,https://api.github.com/repos/PaulSec/awesome-sec-talks,awesome-sec-talks,\N
31108586,https://api.github.com/repos/Veripeditus/veripeditus-server,veripeditus-server,\N
31114233,https://api.github.com/repos/seripap/darkwire.io,darkwire.io,\N
31157189,https://api.github.com/repos/githubteacher/developers-jan-2016,developers-jan-2016,\N
31241661,https://api.github.com/repos/web-archive-group/WALK,WALK,\N
31246450,https://api.github.com/repos/Snyk/resolve-deps,resolve-deps,\N
31316188,https://api.github.com/repos/SublimeText/PackageDev,PackageDev,\N
31365700,https://api.github.com/repos/YourTeamName/buzz-movie-selector,buzz-movie-selector,\N
31439584,https://api.github.com/repos/zchee/deoplete-jedi,deoplete-jedi,\N
31485106,https://api.github.com/repos/sfbrigade/brigadehub,brigadehub,\N
31555221,https://api.github.com/repos/savoirfairelinux/santropol-feast,santropol-feast,\N
31673962,https://api.github.com/repos/socrata-platform/geocoding-secondary,geocoding-secondary,\N
31679600,https://api.github.com/repos/KordingLab/KordingLab.github.io,KordingLab.github.io,\N
31759867,https://api.github.com/repos/pythonindia/inpycon2016,inpycon2016,\N
32071615,https://api.github.com/repos/wmedrano/rust-jack,rust-jack,\N
32082055,https://api.github.com/repos/RandomAPI/Randomuser.me-Node,Randomuser.me-Node,\N
32084602,https://api.github.com/repos/SpencerCDixon/redux-cli,redux-cli,\N
32161699,https://api.github.com/repos/ioBroker/ioBroker.telegram,ioBroker.telegram,\N
32198692,https://api.github.com/repos/smilefam/SendBird-SDK-JavaScript,SendBird-SDK-JavaScript,\N
32246022,https://api.github.com/repos/htacg/tidy-html5-tests,tidy-html5-tests,\N
32365136,https://api.github.com/repos/gorails/gorails,gorails,\N
32534909,https://api.github.com/repos/myFree/PO-Repo,PO-Repo,\N
32538311,https://api.github.com/repos/IBM-Swift/Kitura,Kitura,\N
32644418,https://api.github.com/repos/zdtorok/inetsense,inetsense,\N
32673465,https://api.github.com/repos/wmcmahan/react-native-calendar-events,react-native-calendar-events,\N
32697772,https://api.github.com/repos/gskbyte/GSKStretchyHeaderView,GSKStretchyHeaderView,\N
32773335,https://api.github.com/repos/puppylinux-woof-CE/puppylinux-woof-CE.github.io,puppylinux-woof-CE.github.io,\N
32788999,https://api.github.com/repos/ArctosDB/documentation-wiki,documentation-wiki,\N
32987892,https://api.github.com/repos/talis/talis_rb,talis_rb,\N
33078931,https://api.github.com/repos/aelve/guide,guide,\N
33139195,https://api.github.com/repos/jerryshew/react-image-cropper,react-image-cropper,\N
33161062,https://api.github.com/repos/Marqt/VizDoom,VizDoom,\N
33201820,https://api.github.com/repos/deis/workflow-cli,workflow-cli,\N
33297351,https://api.github.com/repos/mattermost/desktop,desktop,\N
33407410,https://api.github.com/repos/maproulette/maproulette2,maproulette2,\N
33602440,https://api.github.com/repos/bitnami/charts,charts,\N
33665015,https://api.github.com/repos/rocjs/roc,roc,\N
33986963,https://api.github.com/repos/xotahal/react-native-material-ui,react-native-material-ui,\N
33998771,https://api.github.com/repos/couchbaselabs/mobile-testkit,mobile-testkit,\N
34070776,https://api.github.com/repos/ljfranklin/terraform-resource,terraform-resource,\N
34104867,https://api.github.com/repos/metarhia/GlobalStorage,GlobalStorage,\N
34151726,https://api.github.com/repos/the-refinery/sparkpost_rails,sparkpost_rails,\N
34334790,https://api.github.com/repos/sassoftware/saspy,saspy,\N
34345767,https://api.github.com/repos/JSteunou/webstomp-client,webstomp-client,\N
34492684,https://api.github.com/repos/1and1/fralax,fralax,\N
34507059,https://api.github.com/repos/testdouble/scripty,scripty,\N
34507666,https://api.github.com/repos/sonatype/docker-nexus3,docker-nexus3,\N
34532356,https://api.github.com/repos/EnvironmentAgency/flood-risk-engine,flood-risk-engine,\N
34626175,https://api.github.com/repos/agco-fuse/fuse-equipment-api,fuse-equipment-api,\N
34630411,https://api.github.com/repos/meteor/hexo-theme-meteor,hexo-theme-meteor,\N
34843354,https://api.github.com/repos/dojo/stores,stores,\N
34977524,https://api.github.com/repos/ecohealthalliance/mobile-survey,mobile-survey,\N
35102146,https://api.github.com/repos/ihaveamac/3dsconv,3dsconv,\N
35228647,https://api.github.com/repos/go-openapi/spec,spec,\N
35323274,https://api.github.com/repos/Anaconda-Platform/nb_conda,nb_conda,\N
35477165,https://api.github.com/repos/EFForg/eff_fab,eff_fab,\N
35495062,https://api.github.com/repos/Kodcentrum/Scratch-uppgifter,Scratch-uppgifter,\N
35556687,https://api.github.com/repos/gpimblott/TechRadar,TechRadar,\N
35564046,https://api.github.com/repos/alces-software/gridware-packages-main,gridware-packages-main,\N
35786425,https://api.github.com/repos/opensmc/ssmc-agriculture-zoning,ssmc-agriculture-zoning,\N
35837460,https://api.github.com/repos/angular/in-memory-web-api,in-memory-web-api,\N
35869100,https://api.github.com/repos/labapart/gattlib,gattlib,\N
35880313,https://api.github.com/repos/macacajs/macaca-cli,macaca-cli,\N
36238003,https://api.github.com/repos/apigee/apigee-config-maven-plugin,apigee-config-maven-plugin,\N
36351175,https://api.github.com/repos/scala-rules/rule-engine,rule-engine,\N
36364289,https://api.github.com/repos/vimeo/VimeoNetworking,VimeoNetworking,\N
36395434,https://api.github.com/repos/ContinuumIO/runbooks,runbooks,\N
36586103,https://api.github.com/repos/RustFestEU/rustfest.eu,rustfest.eu,\N
36598566,https://api.github.com/repos/wpilibsuite/RobotBuilder,RobotBuilder,\N
36887229,https://api.github.com/repos/hwdtech/smartforms,smartforms,\N
37107142,https://api.github.com/repos/zenhack/haskell-capnp,haskell-capnp,\N
37173046,https://api.github.com/repos/rollbar/Rollbar.NET,Rollbar.NET,\N
37190464,https://api.github.com/repos/infinitystation/-tg-station,-tg-station,\N
37257527,https://api.github.com/repos/CivicActions/agile-california,agile-california,\N
37264471,https://api.github.com/repos/firebase/firebaseui-web,firebaseui-web,\N
37671947,https://api.github.com/repos/sharksync/sharkorm,sharkorm,\N
37739165,https://api.github.com/repos/openego/ego.io,ego.io,\N
37910512,https://api.github.com/repos/robertohuertasm/vscode-icons,vscode-icons,\N
38034962,https://api.github.com/repos/bem/bem-react-core,bem-react-core,\N
38523764,https://api.github.com/repos/wealthsimple/ws-directives,ws-directives,\N
38680510,https://api.github.com/repos/AIDASoft/DD4hep,DD4hep,\N
38837154,https://api.github.com/repos/enkidevs/commit,commit,\N
38870341,https://api.github.com/repos/bakkenbaeck/SectionScrubber,SectionScrubber,\N
38899743,https://api.github.com/repos/NCI-GDC/portal-ui,portal-ui,\N
38951660,https://api.github.com/repos/etherdelta/etherdelta.github.io,etherdelta.github.io,\N
39146493,https://api.github.com/repos/NCEAS/mdqengine,mdqengine,\N
39174335,https://api.github.com/repos/ManageIQ/wrapanapi,wrapanapi,\N
39322336,https://api.github.com/repos/Automattic/happychat-service,happychat-service,\N
39458408,https://api.github.com/repos/marcosmoura/vue-material,vue-material,\N
39765325,https://api.github.com/repos/ros2/turtlebot2_demo,turtlebot2_demo,\N
40146859,https://api.github.com/repos/dig-eg-gaz/content,content,\N
40257396,https://api.github.com/repos/probcomp/iventure,iventure,\N
40289116,https://api.github.com/repos/api-platform/docs,docs,\N
40439104,https://api.github.com/repos/kotct/dot,dot,\N
40464083,https://api.github.com/repos/rutgerkok/Pokkit,Pokkit,\N
40620171,https://api.github.com/repos/bugsnag/bugsnag-symfony,bugsnag-symfony,\N
41154972,https://api.github.com/repos/flugger/laravel-responder,laravel-responder,\N
41356832,https://api.github.com/repos/axboot/ax-boot-framework,ax-boot-framework,\N
41419541,https://api.github.com/repos/splicemachine/spliceengine,spliceengine,\N
41797380,https://api.github.com/repos/Montage-Inc/montage-frontend,montage-frontend,\N
42184664,https://api.github.com/repos/m3db/m3cluster,m3cluster,\N
42337863,https://api.github.com/repos/jobandtalent/AnimatedTextInput,AnimatedTextInput,\N
42456472,https://api.github.com/repos/fpco/fpco-salt-formula,fpco-salt-formula,\N
42502305,https://api.github.com/repos/Dalgona/Serum,Serum,\N
42758844,https://api.github.com/repos/aml-development/ozp-react-commons,ozp-react-commons,\N
42766509,https://api.github.com/repos/libp2p/js-libp2p-crypto,js-libp2p-crypto,\N
42897514,https://api.github.com/repos/cnlohr/espusb,espusb,\N
42972037,https://api.github.com/repos/libretro/fbalpha,fbalpha,\N
42977351,https://api.github.com/repos/YunoHost-Apps/etherpad_mypads_ynh,etherpad_mypads_ynh,\N
42984026,https://api.github.com/repos/JessYanCoding/MVPArms,MVPArms,\N
43388069,https://api.github.com/repos/wales-coop/wales-coop,wales-coop,\N
43408403,https://api.github.com/repos/ManatiCR/manatime,manatime,\N
43638768,https://api.github.com/repos/videojs/videojs-contrib-eme,videojs-contrib-eme,\N
43842007,https://api.github.com/repos/ckeditor/ckeditor5-markdown-gfm,ckeditor5-markdown-gfm,\N
43880168,https://api.github.com/repos/openeemeter/eemeter,eemeter,\N
44194967,https://api.github.com/repos/airbnb/epoxy,epoxy,\N
44377966,https://api.github.com/repos/daviddarnes/alembic,alembic,\N
44557311,https://api.github.com/repos/jpmeijers/RN2483-Arduino-Library,RN2483-Arduino-Library,\N
44899719,https://api.github.com/repos/uktrade/export-wins-ui,export-wins-ui,\N
44985967,https://api.github.com/repos/stratisproject/StratisBitcoinFullNode,StratisBitcoinFullNode,\N
45196348,https://api.github.com/repos/JuliaPy/PyCall.jl,PyCall.jl,\N
45197609,https://api.github.com/repos/SpheMakh/Stimela,Stimela,\N
45233773,https://api.github.com/repos/foodbytes/foodBytes,foodBytes,\N
45332821,https://api.github.com/repos/bitnami/minideb,minideb,\N
45376155,https://api.github.com/repos/c0r73x/neotags.nvim,neotags.nvim,\N
45391961,https://api.github.com/repos/csasf/members,members,\N
45448581,https://api.github.com/repos/juju-solutions/charm-flannel,charm-flannel,\N
45600791,https://api.github.com/repos/SCIP-Interfaces/SCIP.jl,SCIP.jl,\N
45713888,https://api.github.com/repos/lmevange/Rentar,Rentar,\N
45788298,https://api.github.com/repos/asini/asini,asini,\N
45848772,https://api.github.com/repos/Polymer/polymer-project-config,polymer-project-config,\N
46023553,https://api.github.com/repos/antonybudianto/angular-webpack-starter,angular-webpack-starter,\N
46383592,https://api.github.com/repos/google-developer-training/pwa-training-labs,pwa-training-labs,\N
46567137,https://api.github.com/repos/weka-2016/weka-2016,weka-2016,\N
46608737,https://api.github.com/repos/openshift-evangelists/oc-cluster-wrapper,oc-cluster-wrapper,\N
46617603,https://api.github.com/repos/cybercog/laravel-eloquent-flag,laravel-eloquent-flag,\N
46722268,https://api.github.com/repos/oaktoncsclub/oaktoncsclub.github.io,oaktoncsclub.github.io,\N
46971541,https://api.github.com/repos/ethz-asl/mav_control_rw,mav_control_rw,\N
47058864,https://api.github.com/repos/NaluCFD/Nalu,Nalu,\N
47592537,https://api.github.com/repos/kumarharsh/graphql-for-vscode,graphql-for-vscode,\N
47682585,https://api.github.com/repos/Free-Code-Camp-Indy/free-code-camp-indy.github.io,free-code-camp-indy.github.io,\N
47721589,https://api.github.com/repos/monome/docs,docs,\N
47881776,https://api.github.com/repos/BlinkUX/sequelize-mock,sequelize-mock,\N
47962994,https://api.github.com/repos/MaslowCNC/GroundControl,GroundControl,\N
48127703,https://api.github.com/repos/Autodesk/genetic-constructor,genetic-constructor,\N
48277425,https://api.github.com/repos/tableau/tableau-log-viewer,tableau-log-viewer,\N
48822295,https://api.github.com/repos/hawkular/hawkular-openshift-agent,hawkular-openshift-agent,\N
48825030,https://api.github.com/repos/boost-experimental/sml,sml,\N
48871964,https://api.github.com/repos/linuxep/lepv,lepv,\N
48935883,https://api.github.com/repos/tensorly/tensorly,tensorly,\N
49325712,https://api.github.com/repos/senior7515/smf,smf,\N
49463342,https://api.github.com/repos/Sharlaan/material-ui-superSelectField,material-ui-superSelectField,\N
49650709,https://api.github.com/repos/skpm/skpm,skpm,\N
49837471,https://api.github.com/repos/tangrams/cartography-docs,cartography-docs,\N
50146520,https://api.github.com/repos/Unleash/unleash,unleash,\N
50275385,https://api.github.com/repos/ChrisPenner/rasa,rasa,\N
50297977,https://api.github.com/repos/trevordevore/levure,levure,\N
50519788,https://api.github.com/repos/WeTrustPlatform/rosca-contracts,rosca-contracts,\N
50677911,https://api.github.com/repos/BendingSpoons/katana-swift,katana-swift,\N
50703121,https://api.github.com/repos/irontec/ivozprovider,ivozprovider,\N
50795025,https://api.github.com/repos/cientopolis/samplers,samplers,\N
50868880,https://api.github.com/repos/fa16scmorg/FA16SCM,FA16SCM,\N
50955698,https://api.github.com/repos/idb-project/the-idb,the-idb,\N
51008433,https://api.github.com/repos/Microsoft/azure-docs.es-es,azure-docs.es-es,\N
51124283,https://api.github.com/repos/allthesignals/cityxcity,cityxcity,\N
51282401,https://api.github.com/repos/chris-l/php-unparser,php-unparser,\N
51387933,https://api.github.com/repos/wazuh/wazuh,wazuh,\N
51389580,https://api.github.com/repos/core-wg/oscoap,oscoap,\N
51483587,https://api.github.com/repos/red6/pdfcompare,pdfcompare,\N
51570747,https://api.github.com/repos/cooler-SAI/MopCore547,MopCore547,\N
51828920,https://api.github.com/repos/sifive/freedom,freedom,\N
51889138,https://api.github.com/repos/gmaps-marker-clusterer/gmaps-marker-clusterer,gmaps-marker-clusterer,\N
52267759,https://api.github.com/repos/unosquare/raspberryio,raspberryio,\N
52374960,https://api.github.com/repos/alpaca-lang/alpaca,alpaca,\N
52497675,https://api.github.com/repos/mdhiggins/ESP8266-HTTP-IR-Blaster,ESP8266-HTTP-IR-Blaster,\N
52551670,https://api.github.com/repos/sporto/elm-select,elm-select,\N
52608452,https://api.github.com/repos/dedis/onet,onet,\N
52619565,https://api.github.com/repos/perl6/atom-language-perl6,atom-language-perl6,\N
52660347,https://api.github.com/repos/emqtt/emq-auth-pgsql,emq-auth-pgsql,\N
52830392,https://api.github.com/repos/Amsterdam/amsterdam.github.io,amsterdam.github.io,\N
53224442,https://api.github.com/repos/mozilla/nixpkgs-mozilla,nixpkgs-mozilla,\N
53343793,https://api.github.com/repos/fatmai/cookiecutter-fmri,cookiecutter-fmri,\N
53495031,https://api.github.com/repos/fuegowolf/cocoa-eh-hugo-theme,cocoa-eh-hugo-theme,\N
53710533,https://api.github.com/repos/J-F-Liu/pom,pom,\N
53820748,https://api.github.com/repos/Danielv123/factorioClusterioMod,factorioClusterioMod,\N
53913245,https://api.github.com/repos/mattgodbolt/compiler-explorer,compiler-explorer,\N
54037905,https://api.github.com/repos/pardeike/Harmony,Harmony,\N
54591695,https://api.github.com/repos/lsst/pipelines_lsst_io,pipelines_lsst_io,\N
54668088,https://api.github.com/repos/resin-io-modules/network_manager,network_manager,\N
54677994,https://api.github.com/repos/stephenslab/dsc-wiki,dsc-wiki,\N
54707452,https://api.github.com/repos/november9/wecansavedemocracy,wecansavedemocracy,\N
54752258,https://api.github.com/repos/QMCPACK/qmcpack,qmcpack,\N
54953589,https://api.github.com/repos/StephanGeorg/staticmaps,staticmaps,\N
55127361,https://api.github.com/repos/HearthSim/SabberStone,SabberStone,\N
55155945,https://api.github.com/repos/pytorch/text,text,\N
55162484,https://api.github.com/repos/sea-watch/SAR-Client,SAR-Client,\N
55230471,https://api.github.com/repos/vtex/onda,onda,\N
55275506,https://api.github.com/repos/personium/personium-core,personium-core,\N
55351182,https://api.github.com/repos/cerner/terra-toolkit,terra-toolkit,\N
55405512,https://api.github.com/repos/spro/practical-pytorch,practical-pytorch,\N
55465154,https://api.github.com/repos/CMPUT404W17T06/CMPUT404-project,CMPUT404-project,\N
55532254,https://api.github.com/repos/webpack-contrib/compression-webpack-plugin,compression-webpack-plugin,\N
55567002,https://api.github.com/repos/netjson/netjsongraph.js,netjsongraph.js,\N
55570301,https://api.github.com/repos/amgrubb/BloomingLeaf,BloomingLeaf,\N
55676462,https://api.github.com/repos/gcanti/fp-ts,fp-ts,\N
55682376,https://api.github.com/repos/fswceulp/sistema-eventos-front,sistema-eventos-front,\N
55958755,https://api.github.com/repos/gctools-outilsgc/gcconnex,gcconnex,\N
56006099,https://api.github.com/repos/synapsestudios/oidc-platform,oidc-platform,\N
56930279,https://api.github.com/repos/CloudHeads/lambda_utils,lambda_utils,\N
57862177,https://api.github.com/repos/findmypast-oss/mssql_ecto,mssql_ecto,\N
58132370,https://api.github.com/repos/15HCB2-Wind/DoAn-PT-HTTT-HD,DoAn-PT-HTTT-HD,\N
58248687,https://api.github.com/repos/ghiscoding/Aurelia-Bootstrap-Plugins,Aurelia-Bootstrap-Plugins,\N
58292225,https://api.github.com/repos/Yink/amadeus,amadeus,\N
58524916,https://api.github.com/repos/gobuffalo/plush,plush,\N
59039892,https://api.github.com/repos/CodeYellowBV/mobx-spine,mobx-spine,\N
59056847,https://api.github.com/repos/github/opensource.guide,opensource.guide,\N
59235724,https://api.github.com/repos/EMLVIRUS/Amazing-Windows-Apps,Amazing-Windows-Apps,\N
59341667,https://api.github.com/repos/fredknowsit/jquery-expert,jquery-expert,\N
59982769,https://api.github.com/repos/FluSightNetwork/cdc-flusight-ensemble,cdc-flusight-ensemble,\N
60689801,https://api.github.com/repos/minio/minio-boshrelease,minio-boshrelease,\N
60862133,https://api.github.com/repos/emotz/kladovka,kladovka,\N
60900654,https://api.github.com/repos/cmap/cmapR,cmapR,\N
60907720,https://api.github.com/repos/agkozak/agkozak-zsh-theme,agkozak-zsh-theme,\N
61039914,https://api.github.com/repos/h-da/geli,geli,\N
61597950,https://api.github.com/repos/paypal/glamorous,glamorous,\N
61656504,https://api.github.com/repos/vellvm/vellvm,vellvm,\N
61692042,https://api.github.com/repos/QuickBox/QB,QB,\N
61770231,https://api.github.com/repos/xd009642/tarpaulin,tarpaulin,\N
62091579,https://api.github.com/repos/alfa-laboratory/arui-feather,arui-feather,\N
62416484,https://api.github.com/repos/remkop/picocli,picocli,\N
62663622,https://api.github.com/repos/jotyGill/openpyn-nordvpn,openpyn-nordvpn,\N
62663717,https://api.github.com/repos/r-DestinyTheGame/Sweeper-Bot,Sweeper-Bot,\N
62968961,https://api.github.com/repos/coryhouse/ps-react,ps-react,\N
63331273,https://api.github.com/repos/faceyspacey/webpack-flush-chunks,webpack-flush-chunks,\N
63395506,https://api.github.com/repos/folio-org/mod-login,mod-login,\N
63471155,https://api.github.com/repos/kitze/sizzy,sizzy,\N
63479362,https://api.github.com/repos/sLoPPydrive/PGScout,PGScout,\N
63763662,https://api.github.com/repos/xkik-dev/XKik,XKik,\N
63923438,https://api.github.com/repos/joomla-projects/GSoC17_publishing_workflow,GSoC17_publishing_workflow,\N
64269335,https://api.github.com/repos/lucidsoftware/neo-sbt-scalafmt,neo-sbt-scalafmt,\N
64425918,https://api.github.com/repos/stanford-earth/matson,matson,\N
64505750,https://api.github.com/repos/Microsoft/BotBuilder-RealTimeMediaCalling,BotBuilder-RealTimeMediaCalling,\N
64766201,https://api.github.com/repos/KristofferC/PGFPlotsX.jl,PGFPlotsX.jl,\N
64888275,https://api.github.com/repos/nss-day-cohort-19/d19-group-theme-park-weregoingtoflorida-1,d19-group-theme-park-weregoingtoflorida-1,\N
64953177,https://api.github.com/repos/deepweeb/B-B-W,B-B-W,\N
65189752,https://api.github.com/repos/ksonnet/ksonnet-lib,ksonnet-lib,\N
65277044,https://api.github.com/repos/foundersandcoders/error-handling-workshop,error-handling-workshop,\N
65331359,https://api.github.com/repos/i18next/i18next-gitbook,i18next-gitbook,\N
65553240,https://api.github.com/repos/QMatrixClient/Quaternion,Quaternion,\N
65645765,https://api.github.com/repos/neulab/xnmt,xnmt,\N
65706982,https://api.github.com/repos/jupyterhub/binderhub,binderhub,\N
66107245,https://api.github.com/repos/openshift/ansible-service-broker,ansible-service-broker,\N
66200501,https://api.github.com/repos/aws/amazon-cognito-auth-js,amazon-cognito-auth-js,\N
66244886,https://api.github.com/repos/lf-j/OpenSourceComplianceHandbook-Translation,OpenSourceComplianceHandbook-Translation,\N
66457419,https://api.github.com/repos/Azure/azure-cosmosdb-spark,azure-cosmosdb-spark,\N
66505403,https://api.github.com/repos/nimiq-network/core,core,\N
66509429,https://api.github.com/repos/riboseinc/request_info,request_info,\N
66540366,https://api.github.com/repos/Screenly/screenly-ose,screenly-ose,\N
66742257,https://api.github.com/repos/aminohealth/phenotypes,phenotypes,\N
66835612,https://api.github.com/repos/SixLabors/Core,Core,\N
67342968,https://api.github.com/repos/googleapis/nodejs-proto-files,nodejs-proto-files,\N
67594662,https://api.github.com/repos/PnX-SI/GeoNature,GeoNature,\N
67690783,https://api.github.com/repos/4Catalyzer/graphql-validation-complexity,graphql-validation-complexity,\N
67751904,https://api.github.com/repos/kiegroup/optashift-employee-rostering,optashift-employee-rostering,\N
67780604,https://api.github.com/repos/MapStory/story-tools-composer,story-tools-composer,\N
67855482,https://api.github.com/repos/fractalide/fractalide-website-styx,fractalide-website-styx,\N
68130781,https://api.github.com/repos/HaithemMosbahi/scheduler-component,scheduler-component,\N
68147831,https://api.github.com/repos/MicrosoftDocs/azure-docs.ko-kr,azure-docs.ko-kr,\N
68386785,https://api.github.com/repos/necx-org/nodes,nodes,\N
68542102,https://api.github.com/repos/ROCmSoftwarePlatform/MIOpen,MIOpen,\N
68575116,https://api.github.com/repos/xmppjs/xmpp.js,xmpp.js,\N
68579181,https://api.github.com/repos/Povilas1/Skynet-IPTV-With-EPG,Skynet-IPTV-With-EPG,\N
68579388,https://api.github.com/repos/lessworks/translation,translation,\N
68650419,https://api.github.com/repos/prism-em/prismatic,prismatic,\N
69023260,https://api.github.com/repos/eslint/eslint-github-bot,eslint-github-bot,\N
69074445,https://api.github.com/repos/MKFirmware/MK4duo,MK4duo,\N
69184434,https://api.github.com/repos/particl/particl.io,particl.io,\N
69217378,https://api.github.com/repos/AnalyticalGraphicsInc/cesium-concierge,cesium-concierge,\N
69329345,https://api.github.com/repos/gammazero/nexus,nexus,\N
69492411,https://api.github.com/repos/bhushankumarl/amazon-mws,amazon-mws,\N
70074852,https://api.github.com/repos/openprocurement/openregistry.assets.basic,openregistry.assets.basic,\N
70318011,https://api.github.com/repos/OpenMined/docs,docs,\N
70408634,https://api.github.com/repos/EnRonSwanson/BangazonAPI,BangazonAPI,\N
70583951,https://api.github.com/repos/opentable/design-tokens,design-tokens,\N
70649408,https://api.github.com/repos/architecture-building-systems/CityEnergyAnalyst,CityEnergyAnalyst,\N
70664908,https://api.github.com/repos/workforce-data-initiative/tpot-airflow,tpot-airflow,\N
70686723,https://api.github.com/repos/artemanufrij/screencast,screencast,\N
70933538,https://api.github.com/repos/hanami/events,events,\N
70973526,https://api.github.com/repos/NYCPlanning/labs-community-portal,labs-community-portal,\N
71246878,https://api.github.com/repos/upgrades-migrations/preupgrade-assistant-modules,preupgrade-assistant-modules,\N
71332029,https://api.github.com/repos/hmcts/one-per-page,one-per-page,\N
71342999,https://api.github.com/repos/tightenco/ziggy,ziggy,\N
71820170,https://api.github.com/repos/maartenbreddels/ipywebrtc,ipywebrtc,\N
71923879,https://api.github.com/repos/trilbymedia/grav-plugin-tntsearch,grav-plugin-tntsearch,\N
71967861,https://api.github.com/repos/hadorganization/geheimnisnacht,geheimnisnacht,\N
72193387,https://api.github.com/repos/ChrisAdderley/StationPartsExpansionRedux,StationPartsExpansionRedux,\N
72387270,https://api.github.com/repos/melinath/django-graph-api,django-graph-api,\N
72479090,https://api.github.com/repos/Regner/albiondata-client,albiondata-client,\N
72537653,https://api.github.com/repos/cs4350-foresight/unreal-motion-controller,unreal-motion-controller,\N
72561844,https://api.github.com/repos/resumic/schema,schema,\N
73063266,https://api.github.com/repos/AssemblyScript/AssemblyScript,AssemblyScript,\N
73137191,https://api.github.com/repos/tymsai/marmoym-client,marmoym-client,\N
73381556,https://api.github.com/repos/CrownStack/ed-android,ed-android,\N
73545355,https://api.github.com/repos/apache/incubator-netbeans,incubator-netbeans,\N
73603136,https://api.github.com/repos/kubernetes/cluster-registry,cluster-registry,\N
73778983,https://api.github.com/repos/nuxt-community/auth-module,auth-module,\N
73861747,https://api.github.com/repos/alakajam-team/alakajam,alakajam,\N
73862506,https://api.github.com/repos/evrencoskun/TableView,TableView,\N
74221235,https://api.github.com/repos/younatics/MediaBrowser,MediaBrowser,\N
74524407,https://api.github.com/repos/LiyuanLucasLiu/LM-LSTM-CRF,LM-LSTM-CRF,\N
75034732,https://api.github.com/repos/smooch/smooch-web,smooch-web,\N
75382738,https://api.github.com/repos/TrustWallet/trust-wallet-ios,trust-wallet-ios,\N
75806879,https://api.github.com/repos/materialsintelligence/propnet,propnet,\N
75808559,https://api.github.com/repos/csoneson/rnaseqworkflow,rnaseqworkflow,\N
75890800,https://api.github.com/repos/igameproject/Breakout,Breakout,\N
75987316,https://api.github.com/repos/TeleMidia/ginga,ginga,\N
76012849,https://api.github.com/repos/progdisc/resources,resources,\N
76409304,https://api.github.com/repos/ITPNYU/p5-deeplearn-js,p5-deeplearn-js,\N
76493438,https://api.github.com/repos/edx/edx-enterprise-data,edx-enterprise-data,\N
76557597,https://api.github.com/repos/mapbox/vtquery,vtquery,\N
76582046,https://api.github.com/repos/nyuwireless-unipd/ns3-mmwave,ns3-mmwave,\N
77090020,https://api.github.com/repos/doitsujin/dxvk,dxvk,\N
77401353,https://api.github.com/repos/tulios/kafkajs,kafkajs,\N
77488057,https://api.github.com/repos/bulwark-crypto/bulwark,bulwark,\N
77495704,https://api.github.com/repos/platisd/indoor-navigation-system,indoor-navigation-system,\N
77919470,https://api.github.com/repos/alibaba/AliOS-Things,AliOS-Things,\N
77998236,https://api.github.com/repos/lanl-ansi/POD.jl,POD.jl,\N
78561456,https://api.github.com/repos/MicrosoftDocs/dynamics-365-unified-operations-public,dynamics-365-unified-operations-public,\N
78749882,https://api.github.com/repos/firebase/firebaseui-web-react,firebaseui-web-react,\N
78895366,https://api.github.com/repos/silverbulleters/add,add,\N
79040310,https://api.github.com/repos/mozilla/mr-social-client,mr-social-client,\N
79287667,https://api.github.com/repos/swsnu/swpp17-team11,swpp17-team11,\N
79356437,https://api.github.com/repos/kengz/SLM-Lab,SLM-Lab,\N
79395915,https://api.github.com/repos/frintjs/frint,frint,\N
79598242,https://api.github.com/repos/Volontaria/Website-Volontaria,Website-Volontaria,\N
79804764,https://api.github.com/repos/googlegenomics/gcp-variant-transforms,gcp-variant-transforms,\N
79903321,https://api.github.com/repos/fus-marcom/franciscan-react,franciscan-react,\N
79983250,https://api.github.com/repos/gismo/gismo,gismo,\N
80868841,https://api.github.com/repos/STMicroelectronics-CentralLabs/ST_Drone_FCU_F401,ST_Drone_FCU_F401,\N
80911185,https://api.github.com/repos/polkadot-js/dev,dev,\N
81086201,https://api.github.com/repos/0xcf/decal-web,decal-web,\N
81185188,https://api.github.com/repos/containous/traefik-extra-service-fabric,traefik-extra-service-fabric,\N
81543008,https://api.github.com/repos/nemit/paju-ddd,paju-ddd,\N
81684287,https://api.github.com/repos/vlead/vlabs-openedx-platform,vlabs-openedx-platform,\N
81841413,https://api.github.com/repos/CanonicalLtd/desktop-design,desktop-design,\N
81854238,https://api.github.com/repos/ChloeEmmaA/open-sympto,open-sympto,\N
81859260,https://api.github.com/repos/scalacenter/bloop,bloop,\N
82067895,https://api.github.com/repos/hr-js/sam_api_server,sam_api_server,\N
82169918,https://api.github.com/repos/monadgroup/axiom,axiom,\N
82334297,https://api.github.com/repos/Microsoft/glTF-Toolkit,glTF-Toolkit,\N
82357761,https://api.github.com/repos/bitcoinjs/bolt11,bolt11,\N
82696930,https://api.github.com/repos/bvaughn/personal-logger,personal-logger,\N
83176082,https://api.github.com/repos/googleapis/nodejs-datastore,nodejs-datastore,\N
83837566,https://api.github.com/repos/clearlydefined/crawler,crawler,\N
83862396,https://api.github.com/repos/kyb3r/modmail,modmail,\N
84082257,https://api.github.com/repos/elastic/apm-agent-ruby,apm-agent-ruby,\N
84194424,https://api.github.com/repos/zrispo/wick-editor,wick-editor,\N
84487636,https://api.github.com/repos/Lehks/NostraUtils,NostraUtils,\N
85368440,https://api.github.com/repos/urish/typewiz,typewiz,\N
85799100,https://api.github.com/repos/google/node-fastify-auto-push,node-fastify-auto-push,\N
85900578,https://api.github.com/repos/TypeNetwork/Amstelvar,Amstelvar,\N
86140002,https://api.github.com/repos/chimano/SOEN341_SA2,SOEN341_SA2,\N
86282234,https://api.github.com/repos/netzbegruenung/green-directory,green-directory,\N
86379302,https://api.github.com/repos/Xabaril/BeatPulse,BeatPulse,\N
86412158,https://api.github.com/repos/istio/tools,tools,\N
86826691,https://api.github.com/repos/pydata/sparse,sparse,\N
86865788,https://api.github.com/repos/bespoken/virtual-google-assistant,virtual-google-assistant,\N
87020596,https://api.github.com/repos/RomchyFCC/GitHub-Practice-For-All,GitHub-Practice-For-All,\N
88213259,https://api.github.com/repos/articulate/terraform-provider-okta,terraform-provider-okta,\N
88311285,https://api.github.com/repos/react-medellin/flexbox-playground,flexbox-playground,\N
88551986,https://api.github.com/repos/cloudfoundry-incubator/cfcr-etcd-release,cfcr-etcd-release,\N
88942755,https://api.github.com/repos/rbccps-iisc/ideam,ideam,\N
88957527,https://api.github.com/repos/Rostlab/JS18_ProjectA_Group2,JS18_ProjectA_Group2,\N
88979320,https://api.github.com/repos/aelve/codesearch,codesearch,\N
89227990,https://api.github.com/repos/sensu/sensu-go,sensu-go,\N
89296696,https://api.github.com/repos/navikt/modiapersonoversikt,modiapersonoversikt,\N
89497393,https://api.github.com/repos/theworkingmen/idb,idb,\N
89509699,https://api.github.com/repos/moay/symfony-flex-server,symfony-flex-server,\N
90271194,https://api.github.com/repos/RH-FMK/skt,skt,\N
90698457,https://api.github.com/repos/plotly/react-chart-editor,react-chart-editor,\N
90865514,https://api.github.com/repos/solidity-korea/solidity-docs-kr,solidity-docs-kr,\N
90920636,https://api.github.com/repos/trailofbits/echidna,echidna,\N
91412428,https://api.github.com/repos/devex-web-frontend/remote-data-ts,remote-data-ts,\N
91536747,https://api.github.com/repos/dxw/teacher-vacancy-service,teacher-vacancy-service,\N
91947755,https://api.github.com/repos/RocketChat/Rocket.Chat.js.SDK,Rocket.Chat.js.SDK,\N
92163122,https://api.github.com/repos/ob-algdatii-ss18/leistungsnachweis-mamatofe,leistungsnachweis-mamatofe,\N
92235106,https://api.github.com/repos/public-transport/hafas-client,hafas-client,\N
92421000,https://api.github.com/repos/TimVanMourik/GiraffeTools,GiraffeTools,\N
92530602,https://api.github.com/repos/camunda/camunda-external-task-client-java,camunda-external-task-client-java,\N
93764530,https://api.github.com/repos/ember-template-lint/ember-cli-template-lint,ember-cli-template-lint,\N
93768701,https://api.github.com/repos/statonlab/tripal_cv_xray,tripal_cv_xray,\N
94615696,https://api.github.com/repos/ArmaAchilles/Achilles,Achilles,\N
95117921,https://api.github.com/repos/KillahPotatoes/PMP-Liberation,PMP-Liberation,\N
95401479,https://api.github.com/repos/terkelg/tiny-glob,tiny-glob,\N
95446843,https://api.github.com/repos/hpi-swa-teaching/SWT18-Project-13,SWT18-Project-13,\N
95463925,https://api.github.com/repos/ForgeRock/forgeops,forgeops,\N
95592477,https://api.github.com/repos/aphtoken/aph-wallet-gui,aph-wallet-gui,\N
97464868,https://api.github.com/repos/weitzman/drupal-test-traits,drupal-test-traits,\N
97506891,https://api.github.com/repos/AT-PHPIntership/borrow-book,borrow-book,\N
97674902,https://api.github.com/repos/facebook/pyre-check,pyre-check,\N
97964042,https://api.github.com/repos/disneyresearch/jeri,jeri,\N
98423949,https://api.github.com/repos/thecsw/memeinvestor_bot,memeinvestor_bot,\N
98426793,https://api.github.com/repos/rightscale/policy_templates,policy_templates,\N
98603771,https://api.github.com/repos/chinapnr/fishbase,fishbase,\N
98921194,https://api.github.com/repos/quelea-projection/Quelea,Quelea,\N
99143449,https://api.github.com/repos/smallrye/smallrye-opentracing,smallrye-opentracing,\N
99188010,https://api.github.com/repos/JuliaLinearAlgebra/Arpack.jl,Arpack.jl,\N
99909140,https://api.github.com/repos/dice4321/Gunkolle,Gunkolle,\N
100114911,https://api.github.com/repos/nep-pack/NonlinearEigenproblems.jl,NonlinearEigenproblems.jl,\N
100253088,https://api.github.com/repos/devonfw/tools-cobigen,tools-cobigen,\N
100303210,https://api.github.com/repos/wilddima/logux_rails,logux_rails,\N
100409574,https://api.github.com/repos/operator-framework/operator-metering,operator-metering,\N
100743995,https://api.github.com/repos/opencollective/backyourstack,backyourstack,\N
100847280,https://api.github.com/repos/valtech/aem-easy-content-upgrade,aem-easy-content-upgrade,\N
100974131,https://api.github.com/repos/gsbelarus/gdmn,gdmn,\N
101347541,https://api.github.com/repos/pulumi/pulumi-terraform,pulumi-terraform,\N
101348741,https://api.github.com/repos/pulumi/pulumi-aws,pulumi-aws,\N
101426868,https://api.github.com/repos/cerebral/overmind,overmind,\N
101601590,https://api.github.com/repos/mozilla-iot/webthing-arduino,webthing-arduino,\N
101645484,https://api.github.com/repos/kubernetes/org,org,\N
101776349,https://api.github.com/repos/Microsoft/vscode-spring-boot-dashboard,vscode-spring-boot-dashboard,\N
101777041,https://api.github.com/repos/teamET/2018.perform,2018.perform,\N
101783430,https://api.github.com/repos/ensingm2/saliengame_idler,saliengame_idler,\N
102129040,https://api.github.com/repos/scutan90/DeepLearning-500-questions,DeepLearning-500-questions,\N
103639600,https://api.github.com/repos/Ryujinx/Ryujinx,Ryujinx,\N
106801806,https://api.github.com/repos/yenom/BitcoinKit,BitcoinKit,\N
106883534,https://api.github.com/repos/studiopress/genesis-sample,genesis-sample,\N
108319058,https://api.github.com/repos/asyml/texar,texar,\N
111264709,https://api.github.com/repos/bids-standard/bids-validator,bids-validator,\N
112677031,https://api.github.com/repos/Microsoft/openenclave,openenclave,\N
